"OTU"	"RL725.mf"	"RL700.mf"	"RL693.mf"	"RL691.mf"	"RL686.mf"	"RL682.mf"	"RL680.mf"	"RL679.mf"	"RL668.mf"	"RL667.mf"	"RL665.mf"	"RL663.mf"	"RL659.mf"	"RL656.mf"	"RL654.mf"	"RL627.mf"	"RL616.mf"	"RL613.mf"	"RL606.mf"	"RL601.mf"	"RL585.mf"	"RL573.mf"	"RL568.mf"	"RL528.mf"	"RL518.mf"	"RL516.mf"	"RL511.mf"	"RL509.mf"
"1"	"Acidaminococcus_fermentans"	0	0	0	0	0	0	0.00359017375674056	0	0	0	0	0	0	0	0	0	0	0	0	0	0	0	0	0	0	0	0	0
"2"	"Acidaminococcus_intestini"	0	0	0	0	0	0	0	0	0	0.000816965261716548	0	0.0570464503756569	0	0	0	0	0	0	0	0	0	0	0	0	0	0	0.000400937302315636	0
"3"	"Actinomyces_odontolyticus"	0.000101032002170485	0	0	0	0	0	0	0	0	0	0	0	0	0	0	0	0	0	0	0	0	0	0	0	0	0	0	0
"4"	"Adlercreutzia_equolifaciens"	0.000265634702335883	0	5.11319331705633e-05	4.85236674187835e-05	0	0	0	0	0	0	0	0	2.13604468605483e-05	0	0	0	0	0	0	0	0	0	0	0	0	0	0	0
"5"	"Agathobaculum_butyriciproducens"	9.08152828498744e-05	0.00125656436336048	0	0.000723811372330187	0.00143847375945448	0.000431553067949992	0.000838825644098262	0	0.000242792584644544	0.000391222801385389	0.00138543109824061	0	2.84805958140644e-05	0.00203498048234333	0	0.0066875719953923	0.00739131317643714	0.0125964127607138	0.00178874550532061	0.00516768355104214	0	0.00846886653505061	0	0	0.0270124257158293	0.000360663621062755	0.00219179058599214	0
"6"	"Akkermansia_muciniphila"	0	0.00119136526903517	0.000383489498779225	0.000541847619509749	0	0.00547941622639535	0	0	0	0.00693845144809969	0.0101563557953729	0	0	0	0	0	0	0	0	0	0.00578810067293155	0.00103412616339193	0.0108207149277467	0	0	0	0	0
"7"	"Alistipes_finegoldii"	3.74613041755732e-05	0	0	0	0	0	0	0	0	0	0	0	0	0	0	0	0	0	0	0	0	0	0.00133098250708705	0	0	0	0	0
"8"	"Alistipes_indistinctus"	0	0	0	0.000642938593298882	0	0	0	5.39089370235798e-05	0	0.000586834202078083	0	0	0.000836617502038143	0	0	0	0	0	0	0	0	0	0	0	0	0	0	0
"9"	"Alistipes_inops"	0	0	0	0.00010715643221648	0	0	0	0	0	0	0.0041771268450713	0	0	0	0	0	0	0	0	0	0	0	0	0	0	0	0	0
"10"	"Alistipes_putredinis"	0.0398474757324536	0.00559526773119006	0.0352426849378108	0.0388148902960752	0	0.0113249986922634	0.00213780707010186	0.0218331194945498	0.0632670483470524	0.0143256584624944	0.00972926801320847	0.0405029797667164	0	0	0.00128875054578233	0	0.0134525960972242	0.0426878432446412	0	0	0.000592891234103104	0.00149634922127166	0.0545011408421489	0.025475751995089	0	0	0	0.108553697957671
"11"	"Alistipes_shahii"	0.00460660522255988	0	0	0.000460974840478443	0	0.000340011508081812	0	0	0	0.00323334138792042	0.000645840060833967	0	0.000181563798314661	0	0	0	0	7.60652944487548e-05	0	0	0	0	0	0	0	0	0	0
"12"	"Allisonella_histaminiformans"	0.000414344728002552	0	0	0	0.000338074478028473	6.53868284772715e-05	0	0	0	0	0	0	2.13604468605483e-05	0	0	0	0	0	0	0.000155603783628844	0	0	0	0	0	0	0	0
"13"	"Anaerofustis_stercorihominis"	0	0	0	0	0	0	0	0	0	0	0	0.000995278495915717	0	0	0	0	0	0	0	0	0	0	0	0	0	0	0	0
"14"	"Anaerostipes_hadrus"	0.0135587217294862	0.0100525149068838	0.00611026601388232	0.00217345593646634	0.00447672478748815	0.000300779410995449	0.00277531455961654	5.39089370235798e-05	0.00836459614194751	0.00331388725879388	0.00261461056886009	0.00808360339365692	0.00484882143734447	0.00439525524253336	0	0.0241712530398055	0	0	0.00907149506269735	0	0	0.0215051236250823	0.00406208946968126	0	0	0.00278913200288531	0.000409847020144872	0
"15"	"Anaerotignum_lactatifermentans"	0	0	0	0	0	0	0	0	0	0	0	0	0	0.000105909764880322	0	0	0	0	0	0	0	0	0	0	0	0	0	0
"16"	"Asaccharobacter_celatus"	0.000147574834631046	0	0	4.04363895156529e-05	0	0	0	0	0	0	0	0	6.7641415058403e-05	0	0	0	0	0	0	0	0	0	0	0	0	0	0	0
"17"	"Atopobium_vaginae"	0.000316718298938937	0	0	0	0	0	0	0	0	0	0	0	0	0	0	0	0	0	0	0	0	0	0	0	0	0	0	0
"18"	"Bacteroides_caccae"	0.0319771962824764	0.000681626895219128	0.000856459880606936	0	0	0.00644060260501125	0	0.00364424414279399	0.0130559754387889	0.00462563429873313	0.00765632975343493	0.00191773173603272	0.0168783130943099	0.00580990710200623	0.000873251735939943	0	0.0141937579954109	0	0.0077025571759724	0	0	0	0.00755375786489663	0	0	0	0	0
"19"	"Bacteroides_cellulosilyticus"	0.00993632713481188	0	0.000651932147924683	0	0	0	0	0	0	0	0	0	0.00357787484914184	0	0.00320427048268285	0	0	0	0	0	0	0	0	0	0	0	0	0
"20"	"Bacteroides_clarus"	0	0	0.00304235002364852	0.000535782161082401	0	0	0	0.000150945023666023	0.0122806055716982	0	0	0	0.00147387083337783	0	0.00114790349159847	0	0	0	0	0	0	0	0	0	0	0	0	0
"21"	"Bacteroides_coprocola"	0	0	0	0	0	0	0.000565608148591971	0	0	0	0	0	0	0	0	0	0	0	0	0	0	0	0	0	0	0	0	0.0124577409345621
"22"	"Bacteroides_coprophilus"	0.0161310646162089	0	0	0.0137160233237095	0	0	0.00188376273217495	0	0	0	0	0.00797436550995885	0	0	0	0	0	0	0	0	0	0.0100122214910219	0	0	0	0	0	0
"23"	"Bacteroides_dorei"	0.00962982555519356	0.0029576680062117	0	0	0	0	0	0.0359680427821324	0.0880710520750934	0.00440700979207659	0.0105834435775373	0.00126230443384432	0.00752599744386653	0	0	0	0	0.00278398977682443	0	0	0.0176385142145673	0.00113597192190781	0	0	0	0	0	0.0259343305700922
"24"	"Bacteroides_eggerthii"	0	0	0	0	0	0.00315164513260449	0.000474535650089874	0	0	0	0	0	0	0	0	0	0	0	0	0	0	0	0	0	0	0	0	0.00643727133793359
"25"	"Bacteroides_faecis"	0	0	0	0	0	0	0	0	0.0131734557216814	0.00108161598030078	0	0	0.00152371187605245	0	0	0	0.0014721708936585	0	0.000182525051563327	0	0	0	0	0	0	0	0	0.015329041819108
"26"	"Bacteroides_finegoldii"	0	0.000142252569437035	0.0102647355839906	0.000509498507897227	0	0	0.0001725584182145	0	0	0	0.00172918467900707	0	0.00121754547105125	0.00546948285774806	0	0	0	0	0	0.000253879857499693	0	0.000994954717808906	0.00487450736361751	0.0042630107086829	0.00120055225403686	0	0	0
"27"	"Bacteroides_fragilis"	9.42208559567447e-05	0	0	1.81963752820438e-05	0	0.000588481456295444	0	0.000420489708783922	0	0	0	0	0	0.0123309226253518	0	0.00557404326123128	0	0	0	0	0	0	0.00387194911152596	0	0	0	0	0
"28"	"Bacteroides_galacturonicus"	0.00300712105336647	0.0003022867100537	0	1.41527363304785e-05	0	0	0.00159616536848412	0	0	0	0	0	0	0	0	0	0	0	0	0	0	0	0	0	0	0	0	0
"29"	"Bacteroides_intestinalis"	0	0	0.00242876682560176	0	0	0	0	0.00818337664017941	0	0	0	0.000594739589022806	0	0	0	0	0	0	0	0	0	0	0	0	0.000960441803229486	0	0	0
"30"	"Bacteroides_massiliensis"	0	0	0.0170397167290902	0	0	0	0.000445775913720791	0	0.013807849249301	0.0156258989494517	0.00136459754789112	0	0	0	0	0	0	0	0.00921751510394802	0	0	0	0	0.00682081713389264	0.00117053844768594	0	0	0
"31"	"Bacteroides_nordii"	0	0	0	0	0	0	0	0	0	0	0	0	7.47615640119191e-05	0	0	0	0	0	0	0	0	0	0	0	0	0	0	0
"32"	"Bacteroides_ovatus"	0.0033238393523054	7.11262847185177e-05	0.00240320085901648	0.0113504945370438	0	0	0	0.00228573892979978	0.0203162569215467	0.000909017685571933	0	0	0.00674990120793327	0.000922927951099949	0.0061127621515796	0	0	0	0.00116816033000529	0	0.00187501852785107	0	0	0	0	0	0	0
"33"	"Bacteroides_pectinophilus"	0	0	0	0	0	0	0	0	0	0	0	0	0	0	0	0	0	0	0	0	0.00592150120060475	0	0	0	0	0.00641981245491705	0	0
"34"	"Bacteroides_plebeius"	0.0174217768237128	0	0	0.0107318177774543	0	0	0.000853205512282804	0	0	0	0	0	0	0	0	0	0	0	0	0	0.103066729908398	0.0667089718278963	0	0	0	0.00666025486895888	0	0
"35"	"Bacteroides_salyersiae"	0.00634798827120622	0	0	0.00169630654018164	0	0	0	0	0	0.00578779614990737	0	0	0	0	0	0	0	0	0	0	0	0.00272633261257873	0	0	0	0	0	0
"36"	"Bacteroides_sp_CAG_144"	0	0	0	0	0	0	0	0	0	0	0	0	0	0	0	0	0	0	0	0	0	0	0	0	0	0	0	0.000509424350483953
"37"	"Bacteroides_sp_CAG_530"	0	0	0	0	0	0	0	0	0	0	0	0	0	0	0.00520429865209369	0	0	0	0	0	0	0	0	0	0	0	0	0
"38"	"Bacteroides_sp_OM05_12"	0	0	0.000166178782804331	0	0	0	0	0	0	0	0	0	0	0	0	0	0	0	0	0	0	0	0	0	0	0	0	0
"39"	"Bacteroides_stercoris"	1.24871013918577e-05	0.000160034140616665	0	0.0215869665429313	0.00122855823388125	0.00938954856933619	4.31396045536249e-05	0	0.0118811726098636	0.0125766624092421	0	0.00634793479712097	0	0.0153039610252065	0	0	0.0147724734501594	0	0.0367787978900104	0	0	0.000305537275547617	0	0.003239888138599	0.00459211237169098	0	0.00309167208674501	0.0285277636271014
"40"	"Bacteroides_thetaiotaomicron"	0.0196115603314304	0	0.00441012923596109	0.0176949640520497	0.000616488754051922	0.000163467071193179	0	0.00439896926112411	0.000657889584198119	0	0.000135418077271638	0	0.00108582271541121	0	0.00286623755264159	0	0	0	5.47575154689981e-05	0.000638794480160518	0	0	0	0.000716185799058727	0	0	0.000124736049609309	0
"41"	"Bacteroides_uniformis"	0.027121984223115	0.00135732660004505	0.038080507228777	0.0103456502575798	0.000713712786948999	0.00978840822304755	0.00928460155781905	0.0189112551078718	0.0838965860229791	0.0531602747764852	0.00147918207481328	0	0.0187865130138523	0.000938057917511423	0.013894561895238	0	0.0159603630678011	0.00419880425357127	0.00752003212440908	0	0.0336317552544986	0.0021074237723669	0.017544769411602	0.0123456790123457	0.00648298217179903	0.00122625631161337	0.00187995046196887	0.03959616542398
"42"	"Bacteroides_vulgatus"	0.231359879397304	0.00170110364285122	0.0390008820258472	0.163383231837996	0.00253003449243531	0.02770439922582	0.00734811264230078	0.0715263776428856	0.0170894651514321	0.0182148733703844	0.0364795466619444	0.0116399033851606	0.0625861093014066	0.054165279753079	0.0258736038535754	0.186247280174069	0.00110666639592259	0.0227891622168469	0.0719696278314199	0.00234224642725523	0.029177659858299	0.00669831719469775	0.038304639424739	0.0306936771025169	0.010294735578366	0.00129838903582592	0.0200379553979525	0.0106052887509841
"43"	"Bacteroides_xylanisolvens"	0.00326935018259548	0	0.00270999245803986	0.00142538273042677	0	0	0	0.0332833777183581	0.00148025156444577	0.000218624506656541	0.000989593641600433	0	0	0.00242835960904167	0.00553528922942577	0	0	0	0	3.2758691290283e-05	0.000214923072362375	0	0	0.000818498056067117	0	0	0.000106916613950836	0
"44"	"Barnesiella_intestinihominis"	0.0192619214924584	0.002175278874308	0.00212197522657838	0.0124220588592086	0	0	0.00116476932294787	0.011310094987547	0.0113329312896985	0	0.000500005208387587	0	0.0060094057167676	0.00994795291554453	0	0	0.00669076288911	0	0	0	0	0	0.00829703381041278	0	0	0	0	0
"45"	"Bifidobacterium_adolescentis"	0	0	0	0	0	0	0	0	0	0	0	0	0	0.000824583169425364	0	0	0	0	0	0	0	0.00167653787095359	0	0	0	0	0	0.0106516000555736
"46"	"Bifidobacterium_animalis"	0	0	0	0	0	0	0	0	0	0	0	0	0	0	0	0.00705874824011263	0	0	0	0	0	0	0	0	0	0	0	0
"47"	"Bifidobacterium_bifidum"	0.00023157897126718	0	0	0	0	0.00393628707433175	0	0	0	0.011690657829634	0	0.00239109589872434	0	0.0111280902956395	0	0.00072955330858825	0.00752330091173066	0	0	0	0	0	0	0	0	0	0	0
"48"	"Bifidobacterium_longum"	0.000398452053503824	0	0	0	0	0	0	0	0	0	0	0.00129871706174368	0	0.000680848488516355	0	0.00534365800588762	0	0	0	0	0	0	0	0	0	0	0	0
"49"	"Bifidobacterium_pseudocatenulatum"	0	0	0	0	0	0	0	0	0	0	0	0.000424813992159147	0	0	0	0.0073467298092922	0	0	0	0	0	0	0	0	0	0	0	0
"50"	"Bilophila_wadsworthia"	0.000359855558292627	0	0	0.00113424072591406	0	0	0	6.46907244282957e-05	0.000571737376743603	0	0	0	0.000327526851861741	0.00347989227463915	0	0	0	0	0	0	0	0	0	0	0.00330151869860136	0	0	0
"51"	"Blastocystis_sp_subtype_1"	0	0	0	0	0	0	0.00211863391252247	0	0	0	0	0	0	0	0.00525359512105804	0	0	0.00533978367030259	0	0	0.000326090178756707	0	0	0	0	0	0	0
"52"	"Blautia_coccoides"	0	0	0	0	0	0	0	0	0	0	0	0.000849627984318295	0	0	0	0	0	0	0	0	0	0	0	0	0	0	0	0
"53"	"Blautia_obeum"	0.0317092911980693	0.0137984992353924	0.0124122767771543	0.00224624143759452	0.0049098136613024	0.0071990898153476	0.018291192330737	0.0153209199021014	0.0148573397764742	0.00497083088819082	0.0011562620443963	0	0.0280213462065626	0.00729264381033074	0.002042282285666	0.00398054524510431	0.0059496009909233	0.0176775744298906	0	0.0140698579091765	0.00216405300447633	0.00298486415342672	0.00487450736361751	0	0.0956540008403866	0	0.0172313942817431	0
"54"	"Blautia_sp_CAG_257"	0	0	0	0	0	0	0	0	0	0	0	0.000655427302188399	0	0	0	0	0	0	0	0	0	0	0	0	0	0	0	0
"55"	"Blautia_wexlerae"	0.000539215741921129	0.00625318586483635	0.0538419256286032	0.00615644030375816	0.00117110766898752	0.00564942198043626	0.00195086878370282	0.0040539520641732	0.00910863793360014	0.00333690036475773	0.0358024562755862	0.00248819623978929	0.0168533925729726	0.00576451720277181	0.00220425639797744	0.0129271726609497	0.00715779641399476	0.0087170827438273	0.0541186777885265	0.00524139060644527	0.00907864702220378	0.000720754598727711	0.00373366521468575	0.0202919309733306	0.000750345158773036	0.0179610483289252	0.000392027584486399	0.000324179132126152
"56"	"Butyricimonas_synergistica"	0	0	0	0	0	0	0	0	0.00107298658375169	0	0	0	0.00560355722641718	0	0.000612684685699799	0	0	0	0	0	0	0	0	0	0	0	0	0
"57"	"Butyricimonas_virosa"	0	0	0.00102263866341127	0.012446320692918	0	0	0.000301977231875374	0.00787070480544265	0.000172304414909031	0	0.00148959884998802	0	0.00135994845012158	0	0.00518317159396611	0	0	0.00220589353901389	0	0	0	0	0	0	0	0	0	0
"58"	"Butyrivibrio_crossotus"	0.036364709635161	0.0501381035361618	0	0	0	0.0779607155934509	0.00215698022768125	0	0	0	0	0	0	0	0.00584515274863026	0	0	0	0	0	0.0660110277769543	0	0.00758832883910669	0	0	0	0	0.0308896401611633
"59"	"Butyrivibrio_sp_CAG_318"	0	0	0	0	0	0	0	0.00381675274126945	0	0	0	0	0	0	0	0	0	0	0	0	0	0	0	0	0	0	0	0
"60"	"Campylobacter_jejuni"	0	0	0	0	0.00577378177181961	0	0	0	0	0	0	0	0	0	0	0	0	0	0	0	0	0	0	0	0	0	0	0
"61"	"Catenibacterium_mitsuokai"	0	0	0	0	0.00434414656081032	0	0.00764050329538646	0	0	0	0	0	0	0	0.000457752926097551	0	0	0.00444221319580728	0	0.0150771876663527	0	0	0	0.0268399154218675	0	0	0.00155029090228712	0
"62"	"Chlamydia_ibidis"	0	0	0	0	0	0	0	0	0	0	0	0	0.000316846628431467	0	0	0	0	0	0	0	0	0	0	0	0	0	0	0
"63"	"Clostridium_celatum"	0	0	0	0	0	0	0	0	0	0	0	0	0	0	0	0	0	0	0	0	0.00188242966827735	0	0	0	0	0	0	0
"64"	"Clostridium_citroniae"	0.000270175466478376	0	0	6.06545842734794e-06	0	0	0	0	0	0	0	0	0	0	0	0	0	0	0	0	0	0	0	0	0	0	0	0
"65"	"Clostridium_disporicum"	0	0	0	0	0	0	0	0.00056065294504523	0	0	0	0	0	0	0	0	0	0	0	0	0.00117096018735363	0	0	0	0	0	0	0
"66"	"Clostridium_innocuum"	0.000365531513470744	0	0	0	0	0	0	0	0	0.0127837803629167	0	0.0014443675733411	0	0	0	0	0	0	0	0	0	0	0	0	0	0	0	0
"67"	"Clostridium_leptum"	0.000148710025666669	0	0	0	0	0	0	0	0	0	0	0	0	0	0	0	0	0	0	0	0	0	0	0	0	0	0	0
"68"	"Clostridium_perfringens"	0	0	0	0	0	0	0.000440982624325944	0	0	0	0	0.00122589180594497	0	0	0	0	0	0	0	0	0.000474312987282483	0	0	0	0	0	0	0
"69"	"Clostridium_sp_CAG_167"	0.00199339545855474	0	0	0	0	0.0037335879060522	0.0014619532654284	0.00214557569353847	0	0	0	0	0	0	0.0021408752235947	0	0	0.0179970486665754	0	0	0	0.0157782582808436	0.00148655189103229	0	0	0	0	0
"70"	"Clostridium_sp_CAG_242"	0.00507203354716548	0	0	0	0	0	0	0	0	0	0	0	0	0	0	0	0	0	0	0	0	0	0	0	0	0	0	0
"71"	"Clostridium_sp_CAG_253"	0.00528204388875582	0.00136918098083147	0	0.000301251101891614	0	0.00172621227179997	0	0.00546636621419099	0	0	0	0	0	0	0	0	0	0	0	0	0	0	0	0	0	0	0	0
"72"	"Clostridium_sp_CAG_299"	0	0	0	0	0.000461814156261117	0	0	0	0	0	0	0	0.00126738651372587	0	0.000929590557613487	0.00138231153206195	0	0	0	0	0	0	0	0	0.00225103547631911	0	0	0
"73"	"Clostridium_sp_CAG_58"	0	0.000148179759830245	0.0063531426964425	0.000853207818780277	0	0	0	0.0119677840192347	0	0.0190088255261371	0.0050313024094001	0	0	0.000900233001482737	0	0	0	0	0	0.000491380369354244	0.00750748525183055	0	0.00518564613150799	0	0	0	0	0.00393646089010327
"74"	"Clostridium_sp_CAG_590"	0	0	0	0	0	0	0	0	0	0	0	0	0	0	0.259229003225398	0	0	0	0	0	0	0	0	0	0	0.0250540995431594	0	0
"75"	"Clostridium_sp_CAG_632"	0.00193095995159545	0	0	0	0	0	0	0	0	0	0	0	0	0	0	0	0	0	0	0	0.0193727210743189	0	0	0	0	0	0	0
"76"	"Clostridium_spiroforme"	0	0	0	0	0	0.000111157608411362	0	0.00133694163818478	0	0	0.00232294086396733	0	0	0	0	0	0	0	0	0	0	0	0	0	0	0	0	0
"77"	"Clostridium_symbiosum"	0.000128276587025448	0	0	0	0	0	0	0	0	0	0	0	2.13604468605483e-05	0	0	0.00108793037245616	0	0	0	0	0	0	0	0	0	0	0.000418756737974108	0
"78"	"Collinsella_aerofaciens"	0.0126993821155193	0.0038052562324407	0.020286594485421	0.00346337676201567	0.0650870707503707	0.0195702777632474	0.0133684841222289	0.0154287377761485	0.00412747393895724	0.0462448364343494	0.0113542849404681	0.00822925390525434	0.00240305027181169	0.098163222077647	0.000169016465020634	0	0.0440737506853209	0.0460499292592762	0.0133973387847482	0.0188280578190901	0.00589185663889959	0.00756792328664097	0.0140358155292816	0.0334902121274129	0.122846509394321	0.0250781437845636	0.00693176047114588	0.0408465706478952
"79"	"Collinsella_intestinalis"	9.19504738854978e-05	0	0	0.00010715643221648	0.000165722783347291	0	0	0	8.61522074545155e-05	0	0	0	0	0.000650588555693406	0	0	0	0	0	0	0	0	0	0	0	0	0	0
"80"	"Collinsella_massiliensis"	0.000163467509129774	0	0	6.06545842734794e-06	3.97734680033498e-05	0	0	0	0	0	0	0	0	0.000173994613731958	0	0	0	0.000167343647787261	0	0	0	0	0	0	0.000870400384176721	0	0	0
"81"	"Collinsella_stercoris"	0.000286068140977104	0	0	3.63927505640876e-05	0.000629746576719705	0.000104618925563634	0	0	0	0.000276157271566157	0	0	0	0.000643023572487669	0	0	0	0	0	0.000122845092338561	0	0	0	0	0	0	0	0
"82"	"Coprobacillus_cateniformis"	0	0	0	0	0	0	0	0	0.00955506300859173	0	0	0	0	0	0	0	0	0	0	0	0	0	0	0	0	0	0	0.0168110035659705
"83"	"Coprobacter_fastidiosus"	0.000655005227554719	0	0	0	0	0	0	0.00475476824547974	0	0	0.00122917947061949	0	0.000655053703723482	0	0.000732404681756081	0	0	0	0	0	0	0	0	0	0	0	0	0
"84"	"Coprobacter_secundus"	0	0	0	0	0	0	0	0	0	0	0	0	0.000178003723837903	0	0	0	0	0	0	0	0	0	0	0	0	0	0	0
"85"	"Coprococcus_catus"	0.00402879298542755	0.00597460791635549	0.0138823198558079	0.00133440085401655	0.000780001900287916	0.00397551917141811	0.00175434391851408	0.00779523229360963	0.000642225546479116	0.00764035117999701	0.0038229564891301	0.00328927405357511	0.00247425176134685	0.00069597845492783	0.00372540458316314	0	0.00503583974658355	0.01527391112531	0.00104039279391096	0.00210474591540068	0.00202324133637684	0.000822600357243584	0.0117541312314181	0	0.0274326190047422	0.0245251262322674	0.00446376863244741	0.00463113045894503
"86"	"Coprococcus_comes"	0.0186103218380105	0.0268798084332065	0.0467218039346023	0.0193407251053368	0.00604335749939787	0.0507728723126014	0.0149886159376872	0.022318299927762	0.0126878705523923	0.00842279678276779	0.0262815237658726	0.103205525009407	0.0334468997091419	0.0150240566465942	0.0259651544387949	0.0264623064123896	0.00920868276240177	0.0246603684602863	0.0271414751674667	0.0311207567257688	0.0044318619749207	0.0386152110557488	0.00629191730622969	0.0297046586181024	0.00849390719731076	0.0295984611685501	0.000445485891461817	0.00759505395266985
"87"	"Coprococcus_eutactus"	0.00800082641907393	0	0.0827059019033862	0.000630807676444186	0	0.0492297431605377	0.00769802276812463	0	0	0	0.0592297836435796	0	0.110056142374498	0.0249341846461101	0.0757968422090452	0	0.0525108128413914	0	0	0	0.00145999466397889	0	0.0605856323031183	0	0	0	0	0
"88"	"Corynebacterium_durum"	2.72445848549623e-05	0	0	0	0	0	0	0	0	0	0	0	0	0	0	0	0	0	0	0	0	0	0	0	0	0	0	0
"89"	"Desulfovibrio_piger"	0.00225335420571251	0.000195597282975924	0	0	0	0	0	0	0	0	0	0.000339851193727318	0	0	0	0	0	0	0	0	0.00254202116621706	0	0	0	0	0	0	0
"90"	"Desulfovibrionaceae_bacterium"	0	0	0	0.00114637164276876	0	0	0	0	0	0	0.00052083875873707	0	0	0	0	0	0	0.00104970106339282	0	0	0	0	0	0	0	0	0	0
"91"	"Dialister_invisus"	0	0	0	0.000131418265925872	0	0	0	0.000388144346569774	0	0	0	0	0	0	0	0.000217586074491233	0	0	0	0	0	0	0	0	0	0	0	0
"92"	"Dialister_micraerophilus"	1.24871013918577e-05	0	0	0	0	0	0	0	0	0	0	0	0	0	0	0	0	0	0	0	0	0	0	0	0	0	0	0
"93"	"Dialister_sp_CAG_357"	0	0	0	0	0	0	0	0	0	0	0	0	0	0.0126789118528157	0	0	0.013026174183199	0	0	0	0	0	0	0	0	0	0	0
"94"	"Dialister_succinatiphilus"	0	0.00299915833896416	0	0	0	0.000156928388345452	0	0	0	0	0	0.000315576108461081	0	0	0	0	0	0	0	0.0018181073666107	0	0	0	0	0	0	0	0
"95"	"Dielma_fastidiosa"	7.03818442086527e-05	0	0.000396272482071866	0	0	0	0	0	0	0.0017374895002704	0	0	0	0	0	0	0	0	0	0	0	0	0	0	0	0	0	0
"96"	"Dorea_formicigenerans"	0.0193039235607764	0.014124494707019	0.0286977974919787	0.00859071095260046	0.00826183315914027	0.0081145054140294	0.00716117435590174	0.00546636621419099	0.0152332766817302	0.00576478304394353	0.0219585620683549	0.000837490441685176	0.0275941372693517	0.0126183919871698	0.0243735827265173	0.0026686292077307	0.0076451357443093	0.00687630261816743	0.00292040082501323	0.0089267433766021	0.00331277977055109	0.00992604431073924	0.0016248357878725	0.00480867607939431	0.0467915241010865	0.00827121904303919	0.00675356611456115	0.00606678090121799
"97"	"Dorea_longicatena"	0.0365542865381101	0.0322557701198478	0.020465556251518	0.0168579307890757	0.0158917101044495	0.0203156876078883	0.0114272019173158	0.0175850952570917	0.0137216970418465	0.0353481307604681	0.0265106928197169	0	0.0327135243669298	0.0329076769449572	0.0214721334103297	0.0141174964802253	0.0128941864479055	0.02321512786576	0.0182525051563327	0.00642070349289546	0.0140663445290961	0.0183479051110902	0.0126184055866694	0.0159607120933088	0.0573563839366108	0.0349362827602789	0.00329659559681745	0
"98"	"Eggerthella_lenta"	0.000731063026941489	0	0	8.08727790313059e-06	0	0	0	0	0	0	0	0	0	0	0	0	0	0	0	0	0	0	0	0	0	0	0	0
"99"	"Eisenbergiella_massiliensis"	0	0	0	0	0	0	0	0.00380597095386473	0	0	0	0	0	0	0	0	0	0	0	0	0	0	0	0	0	0	0	0
"100"	"Eisenbergiella_tayi"	5.22187876386778e-05	0	0	0	0	0	0	0	0	0.00186406158307156	0	0	0	0	0	0	0	0	0	0	0	0	0	0	0	0	0	0
"101"	"Enorma_massiliensis"	7.71929904223932e-05	0	0	0	9.05951215631857e-05	0	0	0	0	0	0	0	0	0	0	0	0	0.000212982824456513	0	0	0	0	0	0	0.000270124257158293	0	0	0
"102"	"Enterococcus_durans"	2.83797758905857e-05	0	0	0	0	0	5.75194727381666e-05	0	0	0	0	0	0	0	0	0	0	0	0	0	0	0	0	0	0	0.00437605193556143	0	0
"103"	"Enterococcus_faecalis"	0.000378018614862602	0	0	0	0	0	0.00181186339125225	0.00117521482711404	0	0	0	0	0	0	0	0	0	0	0	0	0	0	0	0	0	0	0	0
"104"	"Enterococcus_faecium"	0	0	0	0	0	0	0	0	0.000328944792099059	0.00102408321539117	0	0.00381118838679921	0	0	0	0	0	0	0	0	0.00321643494500934	0.000117514336749083	0	0	0	0	0	0.00602046959662854
"105"	"Enterococcus_hirae"	0	0	0	0	0	0	0.00896345116836429	0	0	0	0	0	0	0	0	0	0	0	0	0	0	0	0	0	0	0	0	0
"106"	"Enterorhabdus_caecimuris"	9.08152828498744e-06	0	0	0	0	0	0	0	0	0	0	0	0	0	0	0	0	0	0	0	0	0	0	0	0	0	0	0
"107"	"Erysipelatoclostridium_ramosum"	1.81630565699749e-05	0	0	0	0	0	0	0	0	0	0	0	0	0	0	0	0	0	0.00766605216565974	0	0	0	0	0	0	0	0	0
"108"	"Escherichia_coli"	0.018964501441125	0.00670957952511351	0.00426951641974204	0.00660932786633347	0	0.000379243605168175	0.00133253445176753	0	0.000642225546479116	0.00304923654020965	0.000427087782164398	0	0	0	0	0	0	0	0	0	0	0	0	0	0	0.0128877133926425	0	0
"109"	"Eubacterium_eligens"	0.009399381774962	0.0238569413326695	0.00178961766096972	8.28945985070885e-05	3.53541937807554e-05	0.00657137626196579	0.0148256440982624	0.0233533515186148	0.0146380432484081	0	0.00255210991781164	0.00174780613916906	0.0443158070866843	0.000143734680909008	0.14610064930492	0.000908741840522207	0.00881271955652121	0.0349900354464272	0.00573128661908847	0.000851725973547357	0	0.0522155369621761	0.000846988868146304	0	0	0	0.0113064319253009	0.0250081044783032
"110"	"Eubacterium_hallii"	0.00602899959019604	0.094722429673886	0.015339579951169	0.0173330583658846	0.0288689088590981	0.0314706805461108	0.0192546434991013	0.0216713926834791	0.0369436329602682	0.103075701612068	0.0355107865706934	0	0.0235819333340453	0.0420764365903108	0.0232256792349188	0.0668309228209395	0.0562166223323248	0.0503400118661859	0.0118458758464599	0.0347324024405225	0.0267171612367711	0.0952336185014572	0.0471375233354076	0.0279312461632904	0.0273125637793385	0.0657610002404424	0.0208309202847546	0.138748668549993
"111"	"Eubacterium_ramulus"	0.000240660499552167	0.00293395924463886	0.0147132137698296	0.0030408164915771	0.00175445186636999	0.000863106135899984	0.00176872378669862	0	0.00286651890257752	0.000138078635783078	0.00175001822935656	0	0.00298690248600001	0.0055602626562169	0.00066198115466415	0.00297580954818892	0	0.00328602072018621	0	9.00864010482781e-05	0.00382414845996502	0.00796747203158785	0	0	0.0117053844768594	0	0	0
"112"	"Eubacterium_rectale"	0.000543756506063623	0.108177151866472	0	0.0234753459333123	0.000713712786948999	0.00831720458230894	0.229042540443379	0.0759361286914145	0.236902906462199	0	0.174053896394754	0.0786027260920754	0.0608665933291324	0.124723878112991	0.0154861336075156	0.0225649558428261	0.0348447621174894	0.0825460575357887	0.00531147900049282	0.013144424880226	0.0516037707882489	0.107314092319263	0.0445965567309687	0.0762567355569197	0	0.132555902861265	0.029366429965163	0.0409855045616635
"113"	"Eubacterium_siraeum"	0	0	0	0	0	0.00882068316158393	0.0186506890353505	0.0120540383184724	0	0.0759202365747293	0	0	0	0	0.000464795278806744	0	0	0	0	0	0.000422435004298461	0	0	0	0.0819677051443664	0	0.172242665074797	0.0346408558329088
"114"	"Eubacterium_sp_CAG_180"	0.0763086766056426	0.0099695342413789	0	0.000165789197014177	0	0.00744755976356123	0.00354224086279209	0	0	0	0	0	0.0136884863631347	0	0.00108452231721574	0	0.0212500253822568	0.0104817975750384	0	0	0	0	0.00777846919726198	0	0.0394081277387598	0	0	0
"115"	"Eubacterium_sp_CAG_251"	0.00425015523737412	0	0	0.00356042409685324	0	0	0	0	0	0	0	0.0134605347801284	0.00027412573471037	0	0	0	0	0	0	0	0.00555094417929031	0	0.00354352485653046	0.00586590273514767	0	0	0.0104154601423773	0
"116"	"Eubacterium_sp_CAG_274"	0	0	0	0	0	0	0	0	0.00127661907409873	0	0	0	0	0	0	0.00465890183028286	0	0	0	0	0	0	0	0	0	0	0	0
"117"	"Eubacterium_sp_CAG_38"	3.63261131399498e-05	0.00366300366300366	0	0	0	0.00239315792226814	0.00102097064110246	0	0	0	0	0.0329898408768161	0	0	0.0014295975999662	0.0131895558684244	0	0.0221654268023672	0	0	0	0.00448904766381499	0.00015556938394524	0	0	0.00365472469343592	0	0
"118"	"Eubacterium_sp_OM08_24"	0	0	0	0	0	0	0.000426602756141402	0	0	0	0	0	0	0	0	0.000243184436196083	0	0	0	0	0	0	0	0	0	0	0	0
"119"	"Eubacterium_sulci"	6.92466531730292e-05	0	0	0	0	0	0	0	0	0	0	0	0	0	0.000126762348765476	0	0	0	0	0	0	0	0	0	0	0	0	0
"120"	"Eubacterium_ventriosum"	0.00198544912130538	0.000847588226229003	0	0.00345731130358833	0	0	0	0.00288951902446388	0.00153507569646228	0	0.00388545714017854	0	0.0101640126311442	0.00672527006990045	0	0.000166389351081531	0	0	0	0	0	0.000219360095264956	0.00148655189103229	0	0	0	0	0
"121"	"Faecalibacterium_prausnitzii"	0.0292777119997639	0.0322854060718138	0.0892763553158036	0.0507112760915803	0.0226686671247981	0.0643667939530261	0.0379101258238466	0.0550410247010749	0.0514798599635028	0.0293302035509223	0.0395837456640173	0.0360485016203619	0.0167038694449488	0.112135746058644	0.00860575501063395	0.247619352361449	0.0538306901943266	0.114417415909817	0.049646814025225	0.0510707997215511	0.0592668899890315	0.0456190655259942	0.0232835511304709	0.0456312666257418	0.0746143225883907	0.0470305361865833	0.0506161069878917	0.121057750196823
"122"	"Faecalitalea_cylindroides"	0.00357244618910693	0	0	0	0	0	0	0	0	0	0	0	0	0	0	0	0	0	0	0	0	0	0	0	0	0	0	0
"123"	"Finegoldia_magna"	4.65428324605606e-05	0	0	0	0	0	0	0	0	0	0	0	0	0	0	0	0	0	0	0	0	0	0	0	0	0	0	0
"124"	"Firmicutes_bacterium_CAG_110"	0.000590299338524184	0.00479509702810674	0	0	0	0.0019027567086886	0.00115038945476333	0	0	0.00126572082801155	0.00140626464859009	0	0	0	0	0	0	0	0	0	0	0	0	0	0	0	0	0
"125"	"Firmicutes_bacterium_CAG_170"	0.000917234356783731	0	0	0	0	0	0	0	0	0	0	0	0	0	0	0	0	0	0	0	0	0	0	0	0	0	0	0
"126"	"Firmicutes_bacterium_CAG_238"	0	0	0	0	0	0	0	0	0	0	0.00596881217512682	0	0	0	0	0	0	0	0	0	0	0	0	0	0	0	0	0
"127"	"Firmicutes_bacterium_CAG_555"	0	0	0	0	0	0	0	0	0	0	0	0	0	0	0	0	0	0	0	0	0	0	0	0	0	0.00391921134888194	0	0
"128"	"Firmicutes_bacterium_CAG_83"	0.00153477828016288	0	0	0.000125352807498524	0	0	0	0.00281404651263086	0.00289001495915602	0.0179272095458364	0	0.00475791671218245	0	0.000295034345023754	0	0	0.0113103336243832	0	0	0.000630604807337947	0	0	0.000795132406831224	0.0122433667553373	0	0	0.0016661172340672	0
"129"	"Firmicutes_bacterium_CAG_95"	0	0.00119136526903517	0	0	0	4.57707799340901e-05	2.87597363690833e-05	0.00246902931567995	0.000360272867537065	0	0	0	0.000430769011687725	0	0	0	0	0	0	0	0	0	0	0	0	0.00137052176003847	0	0
"130"	"Flavonifractor_plautii"	0	0	0	0.000867360555110755	0	0	0	0.000194072173284887	5.48241320165099e-05	0.00226679093743887	0	0.000267025937928607	0.000412968639303934	0	0	0.000684756175604761	0	0	0.00505594392830416	0	0	0	0	0	0	0	0.000347478995340218	0
"131"	"Fretibacterium_fastidiosum"	3.1785348997456e-05	0	0	0	0	0	0	0	0	0	0	0	0	0	0	0	0	0	0	0	0	0	0	0	0	0	0	0
"132"	"Fusicatenibacter_saccharivorans"	0.0238208486915221	0.013899261472077	0.0472842551994785	0.0143043727911622	0.00813367420668504	0.00608097504838625	0.011230677052127	0.0235797690541138	0.0269108168012469	0.0167995673536079	0.0370003854206815	0	0.0175974481386151	0.0239658667957757	0.00169720700291553	0.0452387047228977	0.00172599346153065	0.0177536397243394	0.010695968021611	0.00728880881208796	0.00904900246049862	0.0251950737990035	0.0229378413883703	0.0206670759156947	0.00246113212077556	0.00807886511180572	0.00581804574249133	0
"133"	"Fusobacterium_mortiferum"	0	0	0	0	0.0890174406657195	0	0	0	0	0	0	0	0	0	0	0	0	0	0	0	0	0	0	0	0	0	0	0
"134"	"Fusobacterium_varium"	0	0	0	0	0	0	0	0	0	0	0	0.00137154231754239	0	0	0	0	0	0	0	0	0	0	0	0	0	0	0	0
"135"	"Gardnerella_vaginalis"	1.24871013918577e-05	0	0	0	0	0	0	0	0	0	0	0	0	0	0	0	0	0	0	0	0	0	0	0	0	0	0	0
"136"	"Gemella_haemolysans"	0	0	0	0	0	0	0	0	0	0	0	0	0	0	0.000345075282750461	0	0	0	0	0	0	0	0	0	0	0	0	0
"137"	"Gemella_sanguinis"	0	0.00152921512144813	0.0140868475884902	0.000331578394028354	0	0.000523094627818172	0.00355662073097663	0.00504587650540707	0.000227128546925541	0.0133706145649948	0.006364649631767	0.00854483001371542	0.00180139768523958	0.00061276363966472	0.00842265384019493	0.000639959042621272	0.00145186508822872	0.00290569424794243	0	0	0.000489135268135061	0	0.0304224573048468	0	0	0.00656407790334215	0.00556857364327272	0
"138"	"Gemmiger_formicilis"	0.000603921630951665	0	0	0.00290535458669966	0	0	0.000814859197124026	0.000549871157640514	0.000180136433768533	0.000874498026626164	0	0	0.000452129458548273	0	0	0.00139511071291437	0	0	0	0.000262069530322264	0	0.000752091755194134	0	0	0	0	0	0
"139"	"Gordonibacter_pamelaeae"	0.00062208468752164	0	0.000792544964143732	6.06545842734794e-06	0	0	0	0	0	0	0	0	0	0.000219384512966381	0	0.0003519774734417	0	0	0	0	0	0	0	0	0.0012605798667387	0	0	0
"140"	"Haemophilus_parainfluenzae"	2.49742027837155e-05	0	0	0	0	0	8.62792091072498e-05	0	0	0	0	0	0	0	0	0.00014079098937668	0	0	0	0	0	0	0	0	0	0	0	0
"141"	"Haemophilus_sp_HMSC71H05"	0.000136222924274812	0	0	0	0	0	0.000244457759137208	0	0	0	0	0	0	0	0	0	0	0	0	0	0	0	0	0	0	0	0	0
"142"	"Hafnia_paralvei"	0	0	0	0.000115243710119611	0	0	0	0	0	0	0	0	0	0	0	0	0	0	0	0	0	0	0	0	0	0	0	0
"143"	"Holdemanella_biformis"	0	0	0	0	0.000528103269600034	0	0.00124146195326543	0.000916451929400856	0	0	0	0	0	0	0.0045845716136847	0	0	0	0	0.00539699439007412	0.000748525183055169	9.40114693992667e-05	0	0	0.0058827060447806	0	0.00082860375811898	0
"144"	"Holdemania_filiformis"	7.60577993867698e-05	0	0	8.49164179828711e-05	0	0	0	0	0	0	0	0	0	0	0	0	0	0	0	0	0	0	0	0	0	0	0	0
"145"	"Hungatella_hathewayi"	0.000129411778061071	0	0	0	0	0	0	0	0.000548241320165099	0	0	0	0	0	0	0	0	0	0	0	0	0	0	0	0	0	0	0
"146"	"Intestinibacter_bartlettii"	0.00190258017570487	0.0060398070106808	0	0	0	0	0	0.032000345017197	0.00227128546925541	0	0.000906259440202502	0.00149291774387358	0	0	0.00018310117043902	0.00222065787789581	0.000395963205880561	0	0	0	0	0	0	0	0	0	0.0148257704678493	0
"147"	"Klebsiella_pneumoniae"	0.00208648112347586	0	0	0	0	0	0	0	0	0	0	0	0	0	0	0	0	0	0	0	0	0	0	0	0	0	0	0
"148"	"Klebsiella_quasipneumoniae"	0.000229308589195933	0	0	0	0	0	0	0	0	0	0	0	0	0	0	0	0	0	0	0	0	0	0	0	0	0	0	0
"149"	"Klebsiella_variicola"	0.000407533581788811	0	0	0	0	0	0	0	0	0	0	0	0	0	0	0	0	0	0	0	0	0	0	0	0	0	0	0
"150"	"Lachnospira_pectinoschiza"	0.00159721378712217	0.0468425856775371	0	0.0112817526748672	0	0	0.00765967645296585	0.00735317901001628	0.0269029847823874	0.00319882172897465	0.0014583485244638	0	0	0.00279147880291706	0.0149649995070353	0	0.00849797957235974	0.00789557756378075	0.00177049300016427	0.000638794480160518	0.0157412622654374	0	0.00653391412570006	0	0	0.0286847799951912	0.00653973288665948	0.00115778261473626
"151"	"Lactobacillus_delbrueckii"	0	0	0	0	0	0	0.00212822049131216	0	0	0	0	0	0	0	0	0.00913861512863177	0	0	0	0	0	0	0	0	0	0	0	0
"152"	"Lactobacillus_iners"	6.92466531730292e-05	0	0	0	0	0	0	0	0	0	0	0	0	0	0	0	0	0	0	0	0	0	0	0	0	0	0	0
"153"	"Lactobacillus_rogosae"	0.00158813225883718	0.0123700463506289	0	0.000345731130358833	0	0	0.00164889155182744	0.000355798984355626	0	0	0	0	0	0	0.00321131283539205	0	0	0	0	0	0	0	0	0	0	0	0	0
"154"	"Lactobacillus_ruminis"	0	0.0014521616463364	0	0	0	0.00919338808390438	0	0	0	0	0	0	0	0.0100765576300421	0	0	0	0	0	0.040121207157774	0	0	0	0	0	0	0	0
"155"	"Lactobacillus_salivarius"	0	0	0	0	0	0	0	0	0	0	0	0	0	0	0	0	0	0	0	0.00022112116620941	0	0	0	0	0	0	0	0
"156"	"Lactococcus_garvieae"	0	0	0	0	0	0	0	0	0	0	0	0	0	0	0	0	0	0	0	0	0	0	0	0	0	0.00305361865833133	0	0
"157"	"Lactococcus_lactis"	0	0	0.00640427462961306	0	0	0	0.00115997603355303	0	0	0	0	0	0	0	0	0	0	0	0	0	0.00098568167669641	0	0	0	0	0	0	0
"158"	"Lactococcus_petauri"	0	0	0	0	0	0	0	0	0	0	0	0	0	0	0	0	0	0	0	0	0	0	0	0	0	0.0233950468862707	0	0
"159"	"Lawsonibacter_asaccharolyticus"	0.000127141395989824	0	0	0	0	0	0	0	0	0	0	0	7.47615640119191e-05	0	0	0	0	0	0	0	0	0	0	0	0	0	0	0
"160"	"Mageeibacillus_indolicus"	8.51393276717572e-05	0	0	0	0	0	0	0	0	0	0	0	0	0	0	0	0	0	0	0	0	0	0	0	0	0	0	0
"161"	"Megamonas_funiformis"	0	0.00032599547162654	0	0	0.0110570241049312	0	0	0	0	0	0	0	0	0	0	0	0.00357382175563994	0	0	0.00553621882805782	0	0	0	0	0	0	0	0
"162"	"Megamonas_hypermegale"	0	0.00127434593454011	0	0	0.00105841617631136	0	0	0	0	0	0	0	0	0	0	0	0	0	0	0	0	0	0	0	0	0	0.000632589965875781	0
"163"	"Megasphaera_elsdenii"	0	0	0	0	0	0	0.00402156980227681	0	0	0	0	0	0	0.0049701939661694	0	0	0	0	0	0	0	0	0	0	0	0	0	0
"164"	"Methanobrevibacter_smithii"	0.00670670863846322	0.0186113778346788	0.0103542164670391	0	0	0	0.0055122828040743	0	0	0	0.0388858217273097	0	0	0	0	0	0	0	0	0	0.00212699730234488	0	0	0	0	0.00764606876653042	0	0.0269994905756495
"165"	"Methanosphaera_stadtmanae"	0	0	0	0	0	0	0	0	0	0	0	0	0	0	0	0	0	0	0	0	0	0	0	0	0	0.00985813897571532	0	0
"166"	"Mitsuokella_jalaludinii"	0	0	0	0	0	0	0.000153385260635111	0	0	0	0	0	0	0	0	0	0	0	0	0	0	0	0	0	0	0	0	0
"167"	"Odoribacter_splanchnicus"	0.0103949443132037	0.00213378854155553	0.0113129402139871	0.0139869471334643	0.000176770968903777	0.00521133022963854	0.00306770521270222	0.0066200174664956	0.00932010244280668	0.00505137675906429	0.0139897290596777	0.00199055699183143	0.0191532006849583	0	0.000915505852195101	0	0.0243162020021524	0.00486817884472031	0.00417982368080019	0	0.0019861856342454	0	0.00867731452672336	0.0191323920605689	0	0	0	0.00152827305145186
"168"	"Olsenella_scatoligenes"	7.94633724936401e-05	0	0	0	0	0	0	0	0	0	0	0	0	0.000544678790813084	0	0	0	0	0	0	0	0	0	0	0	0	0	0
"169"	"Oscillibacter_sp_57_20"	0.00148028911045295	0.000889078558981472	0.000434621431949788	0.00294376915673953	0	0.00511324998692263	0.00411743559017376	0.00457147785959956	0.00149591560216477	0.0418493331952547	0.0041771268450713	0.00364126278993555	0.00642237435607153	0	0.000788743503429626	0	0.0233618291469531	0.050644273043981	0.00164272546406994	0.0012038819049179	0.00018527851065722	0.000932280404876062	0.0129295443545599	0.00436532296569129	0.00636292694639534	0.00418369800432796	0	0.0209327096744315
"170"	"Oscillibacter_sp_CAG_241"	0.00412868979656241	0	0	0.000663156788056708	0	0.00334126693518858	0.000599161174355902	0	0	0.00296869066933619	0.00686465484015459	0.00115306655014626	0.0014596305354708	0	0	0	0	0	0	0	0	0	0.00221254234944341	0	0	0	0	0
"171"	"Other"	0	0	0	0	0	0	0	0	0	0	0	0	0	0	0	0	0	0	0	0	0	0	0	0	0	0	0	0
"172"	"Parabacteroides_distasonis"	0.00662270450182709	0.00718375475657029	0.0185864577074998	0.0225655271692101	0.00082419464251386	0.00389051629439766	0.00410305572198922	0.014501504059343	0.00605415057839459	0.0139114225551452	0.0127084657131845	0.00763451431623154	0.00564271804566152	0.0190108027960178	0.0102043690756208	0	0.0056551668121916	0.0143611275919249	0.000711847701096976	0.000253879857499693	0.0102347849287048	0.00147284635392185	0.00362995229205559	0.00832139690334902	0.0194189327090462	0.00437605193556143	0.00082860375811898	0.0076413652572593
"173"	"Parabacteroides_goldsteinii"	0	0	0	0	0	0	0	0	0	0	0	0	0.000808136906224078	0	0	0	0	0	0	0	0	0	0	0	0	0	0	0
"174"	"Parabacteroides_johnsonii"	0.00470309646058787	0	0	0	0	0	0	0.00596232843480792	0	0	0	0	0	0	0.00452823279201115	0	0	0	0	0	0.0136439095247977	0	0	0	0	0	0	0
"175"	"Parabacteroides_merdae"	0	0.0030821390044691	0.00123994937938616	0.0137807215469345	0.000315978106915501	0.00829104985091803	0.00187417615338526	0	0.01130943523312	0.0108276663559897	0.00647923415868915	0.00628724708395538	0.00173019619570441	0	0	0	0.00434544236197129	0.0031338901312887	0.00558526657783781	0.000303017894435117	0	0.000195857227915139	0.000120998409735186	0.0113907646136007	0.00273125637793385	0.000601106035104592	0.00357279684952378	0.000694669568841754
"176"	"Parabacteroides_sp_CAG_409"	0	0	0	0	0	0	0	0	0	0	0	0	0	0	0	0	0	0	0	0	0.000326090178756707	0.0001410172040989	0	0	0	0	0	0
"177"	"Paraprevotella_clara"	0	0	0.000536885298290915	0	0	0	0	0	0	0	0	0	0	0	0	0	0	0	0	0	0	0	0	0	0	0	0	0
"178"	"Paraprevotella_xylaniphila"	0	0.000497883993029624	0.00297843510718532	0.00566311635166719	0.000225382985352316	0.0101676518282157	0.00109766327142001	0	0.0044329226744778	0.00385469524894427	0	0.0132663340979985	0	0	0	0	0.00824415700448758	0	0.00633361928924745	0.00107284713975677	0.00823377701360685	0.0039484817147692	0	0	0.0201692778678192	0	0	0
"179"	"Parasutterella_excrementihominis"	0.00256666693154457	0	0.0048830996177888	0.00741603383717075	0	0	0	0.00928311895546044	0	0	0	0	0	0	0	0	0.0110565110565111	0	0	0	0.0166157768357395	0	0	0	0.0350861396242271	0	0	0
"180"	"Parvimonas_sp_KA00067"	9.08152828498744e-05	0	0	0	0	0	0	0	0	0	0	0	0	0	0	0	0	0	0	0	0	0	0	0	0	0	0	0
"181"	"Pediococcus_pentosaceus"	0	0	0	0	0	0	0.000325943678849611	0	0	0	0	0	0	0	0	0	0	0	0	0	0	0	0	0	0	0	0	0
"182"	"Peptoniphilus_harei"	2.27038207124686e-06	0	0	0	0	0	0	0	0	0	0	0	0	0	0	0	0	0	0	0	0	0	0	0	0	0	0	0
"183"	"Peptostreptococcus_anaerobius"	0.000123735822882954	0	0	0	0	0	0	0	0	0	0	0	0	0	0	0	0	0	0	0	0	0	0	0	0	0	0	0
"184"	"Phascolarctobacterium_faecium"	0	0	0.00145726009536106	0.00591988742509159	0	0	0	0	0.000979002357437677	0	0	0	0	0	0	0	0	0	0.00259185573219924	0	0	0	0	0	0.000870400384176721	0	0	0
"185"	"Phascolarctobacterium_sp_CAG_266"	0	0	0	0.00847344542300507	0	0	0	0	0	0	0	0	0	0	0	0	0	0	0	0	0	0	0	0	0	0	0	0
"186"	"Phascolarctobacterium_succinatutens"	0.0055817343221604	0	0	0	0	0	0.00718034751348113	0	0	0.021724372029871	0.013656392254086	0	0	0	0.0032606093043564	0	0	0.0376218946343541	0	0	0	0	0	0	0	0	0.0123221397578339	0
"187"	"Prevotella_bivia"	9.7626429063615e-05	0	0	0	0	0	0	0	0	0	0	0	0	0	0	0	0	0	0	0	0	0	0	0	0	0	0	0
"188"	"Prevotella_copri"	0.0360468561451864	0.162067166921536	0.00116325147963032	0.234452208231231	0.132103154698904	0.035851598054088	0.089380467345716	0	0	0.0648969588180469	0.113157428723216	0.440786998264331	0.050189929973335	0.177746845402003	0.0218946745728813	0	0.374520275346722	0.0207506123256203	0.461204300290215	0.520584742639532	0.0648919455725847	0.0950299269844254	0.151455438014243	0.418116090307619	0	0.207165183938447	0.435061521601611	0
"189"	"Prevotella_disiens"	0.000727657453834619	0	0	0	0	0	0	0	0	0	0	0	0	0	0	0	0	0	0	0	0	0	0	0	0	0	0	0
"190"	"Prevotella_sp_885"	0	0	0	0	0	0	0	0	0	0	0	0	0	0	0	0	0	0	0	0.124990786618075	0	0	0	0	0.000540248514316586	0	0.0181223660646667	0
"191"	"Prevotella_sp_AM42_24"	0	0.0138636983297177	0	0	0	0	0	0	0	0.00196762055990887	0	0	0	0	0.00578177157424752	0	0	0	0	0	0	0	0	0	0	0	0	0
"192"	"Prevotella_sp_CAG_1092"	0	0	0	0	0	0	0.0376752546434991	0	0	0	0	0	0	0	0	0	0	0	0	0	0	0	0	0	0	0.0397451310411157	0	0
"193"	"Prevotella_sp_CAG_279"	0	0	0.00221145610962686	0	0.0014252159367867	0	0	0	0	0	0.0200939593120762	0.00581388292126376	0	0	0.000838039972393977	0	0	0.0422010253601692	0.00489167138189717	0.00055689775193481	0.011368689413927	0	0	0	0	0	0	0.0150048626869819
"194"	"Prevotella_sp_CAG_520"	0	0	0	0	0	0	0	0	0	0	0	0	0	0	0	0	0	0	0	0	0	0	0	0	0	0.0221687905746574	0	0
"195"	"Prevotella_sp_CAG_5226"	0	0	0	0	0.0775516336951982	0	0	0	0	0	0	0	0	0	0	0	0	0.0848128033103616	0	0	0	0	0	0	0	0	0	0
"196"	"Prevotella_sp_CAG_617"	0	0	0	0.0316616929907562	0	0	0	0	0	0	0	0	0	0	0	0	0	0	0	0	0	0	0	0	0	0	0	0
"197"	"Prevotella_sp_CAG_873"	0	0	0	0	0	0	0.00250689035350509	0	0	0	0	0	0	0	0	0	0	0	0	0	0	0	0	0	0	0	0	0
"198"	"Prevotella_sp_CAG_891"	0	0.00567232120630179	0	0	0	0	0	0.0524102685743243	0	0	0	0	0	0	0	0	0	0	0	0	0	0	0	0	0	0	0	0
"199"	"Prevotella_stercorea"	0	0	0	0	0.336613907897906	0.164604802008683	0	0	0	0	0	0	0	0	0	0	0	0	0	0	0.170856431387662	0	0	0	0	0.000432796345275307	0	0.0846107534849257
"200"	"Proteobacteria_bacterium_CAG_139"	0.00015211559877354	0	0.0106354420994772	0.000458953021002661	0	0	0	0.00216713926834791	0	0	0	0	0	0	0	0	0.00553333197961297	0	0	0	0.000844870008596923	0	0	0	0.0291434059667447	0	0	0
"201"	"Romboutsia_ilealis"	5.33539786743012e-05	0	0	0	0	0	0	0	0	0	0	0	0	0	0	0	0	0	0	0	0	0	0	0	0	0	0	0
"202"	"Roseburia_faecis"	0.00229876184713745	0.0538188887703451	0	0.0679108943720633	0	0.199959460166344	0.0243786698621929	0.0309437298515348	0.00711147312442728	0.0669221121428654	0	0	0.0154329228567462	0.0374164069355766	0.0429372244679503	0.0637399206450787	0.0323877596604869	0.0373480595743386	0.0812053954405242	0.0179108144629622	0.045267245723772	0.132046943060387	0.00973172924012999	0.0552145146988609	0.0262320667507053	0.0204856936763645	0.00780491281841104	0.0254249062196082
"203"	"Roseburia_hominis"	0.00267110450682193	0.0120381236886091	0.00627644479668665	0.00205416858739517	2.20963711129721e-05	0.012796202333002	0.00351827441581786	0.0142858683112486	0	0.024716075805171	0.000927092990551985	0	0	0	0.00588740686488542	0	0.00197981602940281	0.0442547883102856	0.00463613630970851	0.00137586503419188	0.00260872143005366	0.0028125097928614	0.123815944133306	0.00521792510742787	0	0.0123827843231546	0.0101748977609879	0.0175519844394017
"204"	"Roseburia_intestinalis"	0.000224767825053439	0.0379162369453632	0.0836007107338711	0.00196116489150917	0.000623117665385814	0.0363027671705812	0.0378142600359497	0.0297146060873972	0.0140663058716645	0.0271554650373388	0	0.00349561227833813	0.0264335529899285	0.0110600054467879	0.00304229637037141	0.0479137335210547	0.00134018315836498	0.0280680936515905	0.0122291784547429	0.0434052659596249	0.00500993092817123	0.00477108207201279	0.0101292954435456	0.0343428142691494	0.01758809052164	0.0175042077422457	0.0110658695439115	0.0115778261473626
"205"	"Roseburia_inulinivorans"	0.0161617147741708	0.0312185118010361	0.0027227754413325	0.00436510824821473	0.0628597565421831	0.0220288225139928	0.197229478729778	0.00343939018210439	0.0232924240881572	0.040307455095677	0.0378545609850103	0.0165556081515736	0.124449523484031	0.0307516567313221	0.0223172157354329	0.123326507103545	0.00226409730541962	0.00216025436234464	0.0141821965064705	0.000597846116047664	0.0241454955088489	0.0282504465544796	0.0666182673027726	0.0196780574312803	0.0367969265862297	0.0322914162058187	0.0311305540953518	0.010281109618858
"206"	"Roseburia_sp_CAG_182"	0.00123281746468704	0	0	0	0	0.00593058534288853	0	0	0	0	0	0	0	0	0.00292961872702432	0	0	0.00118661859340057	0	0	0	0	0	0	0	0.0605674440971387	0	0
"207"	"Roseburia_sp_CAG_303"	0	0	0.00212197522657838	0	0	0.000908876915834074	0	0	0.0364893758664171	0	0	0	0	0	0	0	0	0	0	0	0.0122950819672131	0	0	0	0	0	0	0.00189876348816746
"208"	"Roseburia_sp_CAG_309"	8.85449007786275e-05	0	0	0	0	0	0	0	0	0	0	0	0	0	0	0	0	0	0	0	0	0	0	0	0	0	0	0
"209"	"Roseburia_sp_CAG_471"	0.0043897837347558	0.00777054660549806	0.00956167150289535	0.000315403838222093	0.0236740520104383	0	0.00157219892150989	0	0.00792600308581543	0.000632860414005776	0.001812518880405	0.00371408804573426	3.91608192443386e-05	0	0	0	0.000994984466058846	0	0	0	0.00550647733673258	0.011022844787064	0.00442508469888681	0	0	0.00476075979802837	0	0
"210"	"Ruminococcaceae_bacterium_D16"	0	0	0	0.000105134612740698	0	0	0	0	0	0	0	0	0	0	0	0	0	0	0	0	0	0	0	0	0	0	0	0
"211"	"Ruminococcus_bicirculans"	0.00156429324708909	0	0	0	0	0	0.0148975434391851	0	0	0.00551163887834121	0.0197502057313097	0	0	0	0.00333103283144833	0.00827467042109305	0	0	0	0	0.00744819612842024	0	0	0	0	0	0	0.0112999583198259
"212"	"Ruminococcus_bromii"	0.0171186808172013	0	0	0.0118539275865137	0	0	0.00578070701018574	0.169166244379993	0	0	0.00301044802550027	0.019869157290415	0.0232401661842766	0.00587042696765213	0	0	0	0	0	0.000458621678063961	0.0165564877123292	0	0	0	0	0.0131041115652801	0.0351488368363374	0.0128745426758672
"213"	"Ruminococcus_callidus"	0.000586893765417313	0	0	0	0	0.000353088873777266	0.000546434991012582	0	0	0	0	0	0.000170883574884387	0	0.000330990577332075	0	0.00351290433935062	0	0.00361399602095388	0.000573277097579952	0	0	0	0	0	0	0.00830385701684828	0
"214"	"Ruminococcus_champanellensis"	0	0	0	0	0	0	0	0	0	0	0	0	0	0	0	0	0	0	0	0	0	0	0	0	0	0.00331810531377735	0	0
"215"	"Ruminococcus_gnavus"	0	0	0.00609748303058968	0	0.000265156453355665	0	0	0	0	0	0	0.0068212989598126	0.0167181097428558	0	0	0.0011071291437348	0	0	0.0216657236205669	0	0	0	0	0.00661619261987586	0	0	0	0
"216"	"Ruminococcus_lactaris"	0.0132261107560486	0.0199864860059035	0.0511063672039781	0.00836628899078859	0	0	0	0.0362160238924409	0	0.0123695444555674	0.0458963114199106	0	0.0876846343625509	0	0	0.024760015359017	0	0	0.0152773468158505	0.00966381393063347	0.0445113094002905	0.0187239509886873	0.0301977459724815	0	0	0.00290935320990623	0	0.000277867827536702
"217"	"Ruminococcus_obeum_CAG_39"	0	0	0	0	0.00032481665536069	0	0	0	0	0	0.000208335503494828	0	0	0	0	0	0	0	0	0	0	0	0	0	0	0	0	0
"218"	"Ruminococcus_sp_CAG_330"	0	0	0	0	0	0	0.00660994607549431	0	0	0	0.00257294346816113	0	0	0	0	0	0	0	0	0	0	0	0	0	0	0	0	0
"219"	"Ruminococcus_sp_CAG_403"	0	0	0	0	0	0	0	0	0	0	0	0	0	0	0.00632403273285539	0	0	0	0	0	0	0.130174547961518	0	0	0	0	0	0
"220"	"Ruminococcus_sp_CAG_488"	0.000292879287190845	0.0024182936804296	0	0	0	0	0	0	0	0	0	0	0	0	0	0	0	0	0	0	0	0	0	0	0	0	0	0
"221"	"Ruminococcus_torques"	0.024285141825092	0.0482473298007279	0.100691559396132	0.0301453283839193	0.0416671270077315	0.00749986922634305	0.00321150389454763	0.00734239722261156	0.0278428270455275	0.0690968506564488	0.0544797341638975	0	0.0255257339983552	0.0139498290313796	0.13169903801462	0	0.0549678152983938	0	0	0.00105646779411163	0.0155633948952065	0.00517063081695967	0.0513378967019291	0.00907168678807721	0.0925925925925926	0.0102428468381823	0.0203854343932928	0.0127819200666883
"222"	"Ruthenibacterium_lactatiformans"	0.000321259063081431	0	0	4.65018479430009e-05	0	0	0	0	0	0.00132325359292117	0.00117709559474578	0	0.000192244021744935	0	0	0	0	0	0	0	0	0	0	0	0	0	0	0
"223"	"Sellimonas_intestinalis"	0	0	0	0	0	0.000241931265365905	0	0	0	0	0	0	0	0.00153569159076467	0	0.00079994880327659	0	0	0	0	0	0	0	0	0	0	0	0
"224"	"Sharpea_azabuensis"	0	0	0	0	0.00110481855564861	0	0.000819652486518874	0	0	0	0	0	0	0	0	0	0	0	0	0.000450432005241391	0	0	0	0.00211445331150672	0	0	0.000383117866657163	0
"225"	"Slackia_isoflavoniconvertens"	0.000745820510404593	0.00269687162891046	0	0	0.0133196925068996	0.00018308311973636	0.000167765128819652	0	0	0	0	0	0.000103242159825984	0	0	0	0	0.0133266395874218	0	0	0.000340912459609285	0.00410516749710131	0	0.000545665370711411	0.034005642595594	0	0.00209378368987054	0
"226"	"Streptococcus_anginosus_group"	0	0	0	0	0	0	0.000627920910724985	0	0	0	0	0	0	0	0	0	0	0	0	0	0	0.000658080285794867	0	0	0	0	0	0
"227"	"Streptococcus_infantarius"	0	0	0	0	0	0	0	0	0	0	0	0	0.000213604468605483	0	0	0	0	0	0	0	0	0	0	0	0	0	0	0
"228"	"Streptococcus_infantis"	8.40041366361338e-05	0	0	0	0	0	0	0	0	0	0	0	0	0	0	0	0	0	0	0	0	0	0	0	0	0	0	0
"229"	"Streptococcus_lutetiensis"	0	0.00999324300295174	0	0	0.00802540198823147	0	0	0	0	0	0	0	0	0	0	0	0	0	0	0	0	0	0	0	0	0	0	0
"230"	"Streptococcus_macedonicus"	0	0	0	0	0	0	0	0	0	0	0	0	0	0	0	0	0	0	0	0	0	0	0.003249671575745	0	0	0	0	0
"231"	"Streptococcus_milleri"	1.81630565699749e-05	0	0	0	0	0	0	0	0	0	0	0	0	0	0	0	0	0	0	0	0	0	0	0	0	0	0	0
"232"	"Streptococcus_mitis"	8.85449007786275e-05	0	0	7.27855011281753e-05	0	0	0.000388256440982624	0	0	0	0	0	0	0	0	0	0	0	0	0	0	0	0	0	0	0	0	0
"233"	"Streptococcus_oralis"	0.000140763688417305	0	0	0	0	0	0.000282804074295986	0	0	0	0	0	0	0	0	0	0	0	0	0	0	0	0	0	0	0	0	0
"234"	"Streptococcus_parasanguinis"	0	0	0.000498536348412993	0	0	0	0.0115566207309766	0	0	0.000402729354367312	0	0	0.000267005585756854	0	0	0	0	0	0	0	0	0	0	0	0	0	0	0
"235"	"Streptococcus_salivarius"	0.000490402527389322	0.000438612089097526	0.00718403661046415	1.21309168546959e-05	0	0	0.0307058118633913	0.000765506905734833	0.00196583673373485	0.00692694489511777	0.00264586089438432	0.0120404422920536	0.000712014895351611	0.00356310708990226	0	0.00103033405862025	0	0.0094625226294251	0	0.000458621678063961	0	5.48400238162389e-05	0.0198437391965706	0.00105722665575336	0	0	0	0
"236"	"Streptococcus_thermophilus"	0	0	0.0146748648199517	0.00213908500537804	0	0	0	0.00149866844925552	0	0.000402729354367312	0	0	0.00110718316227175	0.0096983084697552	0	0	0	0	0	0	0	0	0.0257553757864897	0.00075028988472819	0	0	0	0
"237"	"Sutterella_parvirubra"	0	0.000983913605272828	0	0	0.00978869240304665	0.00122273369252498	0.0046399041342121	0	0	0.00363607074228773	0.00244794216606423	0.0100741603854884	0.0021645252818689	0.0121417980452083	0.000260567050240144	0	0	0	0	0.00228491871749724	0	0.00163736642537056	0.00541035746387333	0	0	0.000745371483529695	0.0028689291410141	0.00129671652850461
"238"	"Turicimonas_muris"	0.000256553174050895	0	0.00396272482071866	8.08727790313058e-05	0	0	0	0.00154179559887438	0	0	0	0	0	0	0	0	0.00354336304749528	0	0	0	0.00219369756618148	0	0	0	0.0161174140104448	0	0	0
"239"	"Veillonella_atypica"	0	0	0	0	0.000260737179133071	0	0.000143798681845416	0	0	0	0	0	0	0	0	0.00324459234608985	0	0	0	0	0	0	0	0	0	0	0	0
"240"	"Veillonella_dispar"	0	0	0	0	0	0	0	0	0	0	0	0	0	0	0	0.000831946755407654	0	0	0	0	0	0	0	0	0	0	0	0
"241"	"Victivallis_vadensis"	9.87616200992384e-05	0	0	0	0	0	0	0	0	0	0	0	0	0	0	0	0	0	0	0	0	0	0	0	0	0	0	0
"242"	"Weissella_confusa"	0	0	0	0	0	0	0	0	0	0	0	0.00040053890689291	0	0	0	0	0	0	0	0	0	0	0	0	0	0	0	0
