"baseMean"	"log2FoldChange"	"lfcSE"	"stat"	"pvalue"	"padj"
"1CMET2-PWY: folate transformations III (E. coli)"	98.5557841996507	-0.131707288653712	0.152170498472826	-0.865524460887745	0.386750996171582	0.849406393460951
"3-HYDROXYPHENYLACETATE-DEGRADATION-PWY: 4-hydroxyphenylacetate degradation"	0.0107046741600865	0.458729708182894	2.95516892410303	0.155229606145825	0.876640308844555	0.998509607271919
"AEROBACTINSYN-PWY: aerobactin biosynthesis"	0.133525573939493	-0.832137134275906	2.94730786000091	-0.282338043327326	0.777684317280108	0.998509607271919
"ALLANTOINDEG-PWY: superpathway of allantoin degradation in yeast"	0.263359887130481	-0.491221212990933	2.1654425480012	-0.226845645683074	0.820543768648085	0.998509607271919
"ANAEROFRUCAT-PWY: homolactic fermentation"	143.560832284079	0.0558348231083273	0.147970769798332	0.377336842840137	0.705923295675197	0.998509607271919
"ANAGLYCOLYSIS-PWY: glycolysis III (from glucose)"	275.147053191594	0.0426660716827859	0.101116927729785	0.421947864128174	0.673063072387914	0.984944544830393
"ARG+POLYAMINE-SYN: superpathway of arginine and polyamine biosynthesis"	6.38788903583752	-1.84171088828121	1.06577711586848	-1.72804506764104	0.0839801447789525	0.617905967989946
"ARGDEG-PWY: superpathway of L-arginine, putrescine, and 4-aminobutanoate degradation"	0.0749327191206055	-0.371068391579661	2.9509661598232	-0.125744712573015	0.899934007230023	0.998509607271919
"ARGININE-SYN4-PWY: L-ornithine biosynthesis II"	30.3581144592395	-0.308682945490136	0.338818470367718	-0.911057018689459	0.362265331524196	0.840163062216837
"ARGSYN-PWY: L-arginine biosynthesis I (via L-ornithine)"	64.8716368488348	-0.407866218987191	0.262925401431337	-1.55126213278296	0.120838877619583	0.679829706132468
"ARGSYNBSUB-PWY: L-arginine biosynthesis II (acetyl cycle)"	59.6708947895928	-0.442819097960248	0.322590263515741	-1.37269827407125	0.169846165977946	0.702985659072714
"ARO-PWY: chorismate biosynthesis I"	60.4196783962202	-0.501949535638827	0.218945636506438	-2.29257610997909	0.0218724210878465	0.321251184727745
"ASPASN-PWY: superpathway of L-aspartate and L-asparagine biosynthesis"	52.5649156210629	-0.35812865885742	0.20367350824612	-1.75834678717595	0.0786885213760743	0.616393417445915
"AST-PWY: L-arginine degradation II (AST pathway)"	0.265824005066639	-1.52911775437737	2.94154912028767	-0.519834173031873	0.603179158990343	0.976572883769887
"BIOTIN-BIOSYNTHESIS-PWY: biotin biosynthesis I"	7.07198293263165	-1.89425598681597	0.983187940010454	-1.92664688990777	0.0540236508235467	0.575686840037092
"BRANCHED-CHAIN-AA-SYN-PWY: superpathway of branched chain amino acid biosynthesis"	120.512046082795	0.155743167837832	0.133987708425291	1.1623690685379	0.245085581995568	0.763384276076617
"CALVIN-PWY: Calvin-Benson-Bassham cycle"	219.61858558237	0.187330714398308	0.122798098993619	1.52551803271842	0.127129939261442	0.679829706132468
"CARNMET-PWY: L-carnitine degradation I"	0.021409348320173	0.298930702955664	2.95494006304806	0.101163034301045	0.919421040488533	0.998509607271919
"CATECHOL-ORTHO-CLEAVAGE-PWY: catechol degradation to &beta;-ketoadipate"	0.0107046741600865	0.458729708182894	2.95516892410303	0.155229606145825	0.876640308844555	0.998509607271919
"CENTFERM-PWY: pyruvate fermentation to butanoate"	5.26753265530576	-0.658862174826593	0.732362137096056	-0.899639865926299	0.368311934482032	0.840163062216837
"CITRULBIO-PWY: L-citrulline biosynthesis"	40.5559071086112	-0.112524330298611	0.327610375266543	-0.343469983839986	0.731244918321293	0.998509607271919
"COA-PWY-1: superpathway of coenzyme A biosynthesis III (mammals)"	61.0400211078885	-0.24612944177093	0.226607084097474	-1.08615069449929	0.277412327022517	0.776094010122517
"COA-PWY: coenzyme A biosynthesis I (prokaryotic)"	69.5543998728289	-0.197629623093902	0.178318468776993	-1.10829587338516	0.267734057071225	0.768734611267531
"COBALSYN-PWY: superpathway of adenosylcobalamin salvage from cobinamide I"	18.5374359376824	-0.27718281629631	0.495371580610257	-0.559545252787502	0.575789656429023	0.952891332822679
"COLANSYN-PWY: colanic acid building blocks biosynthesis"	41.6893749578178	-0.0279264162043677	0.203302503486466	-0.137363857923307	0.890743197399024	0.998509607271919
"COMPLETE-ARO-PWY: superpathway of aromatic amino acid biosynthesis"	48.5972868181229	-0.493583310463268	0.271401704738012	-1.81864484211598	0.0689656318502194	0.596679592691566
"DAPLYSINESYN-PWY: L-lysine biosynthesis I"	11.807485908365	-1.19477081944408	0.842990172046877	-1.4173010066571	0.156394940985041	0.693449266631785
"DARABCATK12-PWY: D-arabinose degradation I"	0.407633305443065	-1.99511345093323	2.6201774621269	-0.761442108319532	0.446393044619508	0.919855523505102
"DENOVOPURINE2-PWY: superpathway of purine nucleotides de novo biosynthesis II"	0.274164689609444	-1.5614795714791	2.94132878049736	-0.53087556271593	0.59550501303452	0.971831097660501
"DTDPRHAMSYN-PWY: dTDP-&beta;-L-rhamnose biosynthesis"	150.574643254422	0.0854865463402687	0.123356005818044	0.693006763419088	0.488305307063983	0.948361546777157
"ECASYN-PWY: enterobacterial common antigen biosynthesis"	0.158550923547804	-0.99560320775872	2.8871659862133	-0.34483753705637	0.730216511486029	0.998509607271919
"FAO-PWY: fatty acid &beta;-oxidation I (generic)"	1.25403475919765	-3.46712625827277	1.92766654931004	-1.7986130741926	0.072079907765336	0.596679592691566
"FASYN-ELONG-PWY: fatty acid elongation -- saturated"	26.5647816095768	-1.6767877193818	0.880861571650794	-1.90357687671558	0.0569653126950207	0.575686840037092
"FERMENTATION-PWY: mixed acid fermentation"	45.0034406264891	-0.533762684380875	0.470262878906116	-1.13503044429632	0.256362562686282	0.768734611267531
"FOLSYN-PWY: superpathway of tetrahydrofolate biosynthesis and salvage"	3.46951086481666	-2.81999897390842	1.35262353910873	-2.0848365360894	0.0370841410165373	0.435738656944313
"FUC-RHAMCAT-PWY: superpathway of fucose and rhamnose degradation"	9.73272996503565	-0.532484292190626	0.611610387157577	-0.870626633182792	0.38395804950439	0.849406393460951
"FUCCAT-PWY: fucose degradation"	9.27315338058787	-0.503932950815679	0.502106404601117	-1.00363776720995	0.315553243604365	0.840163062216837
"GALACT-GLUCUROCAT-PWY: superpathway of hexuronide and hexuronate degradation"	4.99400436643645	-1.06982684718268	0.775162124352741	-1.38013302452824	0.16754569079287	0.702985659072714
"GALACTARDEG-PWY: D-galactarate degradation I"	0.653998492625567	-2.59902548229321	2.25995676991141	-1.1500332735989	0.250130167054892	0.763384276076617
"GALACTITOLCAT-PWY: galactitol degradation"	0.243555654218746	-0.356739106397291	2.56499139456698	-0.139080040250005	0.889386900497082	0.998509607271919
"GALACTUROCAT-PWY: D-galacturonate degradation I"	17.5502061112045	-0.155837915931232	0.417211322182889	-0.373522739306003	0.708759424451209	0.998509607271919
"GLCMANNANAUT-PWY: superpathway of N-acetylglucosamine, N-acetylmannosamine and N-acetylneuraminate degradation"	54.0115370090747	-0.14177300156463	0.297029238965752	-0.477303184219439	0.633146243855023	0.983569428163709
"GLUCARDEG-PWY: D-glucarate degradation I"	0.491585245287397	-2.21769085473962	2.35026963032557	-0.943589972029047	0.345379218637728	0.840163062216837
"GLUCARGALACTSUPER-PWY: superpathway of D-glucarate and D-galactarate degradation"	0.653998492625567	-2.59902548229321	2.25995676991141	-1.1500332735989	0.250130167054892	0.763384276076617
"GLUCONEO-PWY: gluconeogenesis I"	185.723786932667	0.364189240076559	0.201628210784761	1.80624149100511	0.0708806265693093	0.596679592691566
"GLUCOSE1PMETAB-PWY: glucose and glucose-1-phosphate degradation"	75.1574789884995	0.255283162025888	1.21740152369638	0.20969512281435	0.833905632339639	0.998509607271919
"GLUCUROCAT-PWY: superpathway of &beta;-D-glucuronosides degradation"	14.5693868399685	-0.0424158442350605	0.452898401347003	-0.0936542149605915	0.925383841518024	0.998509607271919
"GLUDEG-I-PWY: GABA shunt"	5.08248613727214	-1.04505954926397	0.774259052851257	-1.34975438183832	0.177094782053634	0.702985659072714
"GLUTORN-PWY: L-ornithine biosynthesis I"	43.5045649075265	-0.425447219252457	0.314341003853812	-1.35345759552997	0.175909488162221	0.702985659072714
"GLYCOCAT-PWY: glycogen degradation I"	7.95077236910932	-0.669015637618715	1.03679131451485	-0.645275117810736	0.518748914361085	0.950145166918604
"GLYCOGENSYNTH-PWY: glycogen biosynthesis I (from ADP-D-Glucose)"	385.973662900847	0.183079519894852	0.153142355437956	1.19548585609306	0.231897259074979	0.763384276076617
"GLYCOL-GLYOXDEG-PWY: superpathway of glycol metabolism and degradation"	0.564913084550265	-2.38545078889882	2.15463286739455	-1.10712633460538	0.268239311165692	0.768734611267531
"GLYCOLYSIS-E-D: superpathway of glycolysis and the Entner-Doudoroff pathway"	43.5693594352163	-0.273071216847764	0.41116407183087	-0.664141727247244	0.506599605584908	0.950145166918604
"GLYCOLYSIS-TCA-GLYOX-BYPASS: superpathway of glycolysis, pyruvate dehydrogenase, TCA, and glyoxylate bypass"	2.17460906814405	-3.76317568560436	1.53236412931171	-2.45579729623054	0.0140572424306512	0.275287664266919
"GLYCOLYSIS: glycolysis I (from glucose 6-phosphate)"	208.116927538014	0.0130024555970292	0.174971438551987	0.0743118745815534	0.94076222860807	0.998509607271919
"GLYOXYLATE-BYPASS: glyoxylate cycle"	3.86955415976763	-2.02526783878165	1.22734812161208	-1.65011686832707	0.0989190353105444	0.671879623497623
"GOLPDLCAT-PWY: superpathway of glycerol degradation to 1,3-propanediol"	8.51171027701642	0.240882916460562	0.395555432686591	0.60897385437105	0.542541769227747	0.952890134360059
"HCAMHPDEG-PWY: 3-phenylpropanoate and 3-(3-hydroxyphenyl)propanoate degradation to 2-hydroxypentadienoate"	1.1160526104702	-2.46407272321372	1.75200469582919	-1.40643043313735	0.159596348604919	0.694539665225111
"HEME-BIOSYNTHESIS-II-1: heme b biosynthesis V (aerobic)"	0.595935653535712	-2.45149658204809	2.12293473159593	-1.15476775878322	0.248185543381953	0.763384276076617
"HEME-BIOSYNTHESIS-II: heme b biosynthesis I (aerobic)"	0.56353510206216	-2.38162187911583	1.98358616374294	-1.20066469642126	0.229881293838085	0.763384276076617
"HEMESYN2-PWY: heme b biosynthesis II (oxygen-independent)"	1.97663417768358	-3.1502452086642	1.4294105829187	-2.20387707094749	0.0275329904907424	0.359458486962471
"HEXITOLDEGSUPER-PWY: superpathway of hexitol degradation (bacteria)"	0.672306835501363	-0.56511492297536	2.33447961417142	-0.242073188193565	0.808723453153237	0.998509607271919
"HISDEG-PWY: L-histidine degradation I"	26.0465476784969	0.138466511783562	0.430026380492491	0.321995389271193	0.747456187487918	0.998509607271919
"HISTSYN-PWY: L-histidine biosynthesis"	70.8537059385377	-0.125857154306637	0.206270369170023	-0.610156246934798	0.541758309941643	0.952890134360059
"HOMOSER-METSYN-PWY: L-methionine biosynthesis I"	1.93930820657027	-3.75385288669548	1.43529833771153	-2.61538161653604	0.00891278120107006	0.209450358225146
"HSERMETANA-PWY: L-methionine biosynthesis III"	44.7966337237253	-0.274448672073831	0.265637018824478	-1.03317178188623	0.301523515796659	0.833623837790763
"ILEUSYN-PWY: L-isoleucine biosynthesis I (from threonine)"	139.496993812212	0.209086507073493	0.144104149511493	1.45094022470753	0.14679650577623	0.689943577148279
"KDO-NAGLIPASYN-PWY: superpathway of (Kdo)2-lipid A biosynthesis"	0.39929315736804	-1.96542996327129	2.62293094916336	-0.749325850113672	0.453660830916853	0.919855523505102
"KETOGLUCONMET-PWY: ketogluconate metabolism"	0.445902578446638	-2.063130836818	2.22424683509506	-0.92756379564763	0.353633885076006	0.840163062216837
"LACTOSECAT-PWY: lactose and galactose degradation I"	21.5589603313078	-0.177246340093692	0.526706452292911	-0.336518262349142	0.736480082418902	0.998509607271919
"LIPA-CORESYN-PWY: lipid A-core biosynthesis (E. coli K-12)"	0.633860009794619	-2.52430772061228	2.30481037182415	-1.09523445029207	0.27341393655843	0.774123796279893
"LIPASYN-PWY: phospholipases"	0.139160764081124	-0.872778832113593	2.9469715235607	-0.296161271032253	0.767106924003259	0.998509607271919
"LPSSYN-PWY: superpathway of lipopolysaccharide biosynthesis"	0.365385057865449	-1.86285603095009	2.66313233539642	-0.699498108370493	0.484240794768995	0.948304889755949
"MET-SAM-PWY: superpathway of S-adenosyl-L-methionine biosynthesis"	3.29852205696454	-4.03345175244592	1.37457853270911	-2.93431888863893	0.00334280575140332	0.208298839270547
"METH-ACETATE-PWY: methanogenesis from acetate"	144.953284903592	0.264844144997454	0.326861228664881	0.810264790594022	0.417788006902303	0.892547105654921
"METHANOGENESIS-PWY: methanogenesis from H2 and CO2"	0.235755575351124	-0.0739742741250812	2.94726499288108	-0.0250992952122599	0.979975762345428	0.998509607271919
"METHGLYUT-PWY: superpathway of methylglyoxal degradation"	0.618105294214618	-1.77552603558212	1.8946818352847	-0.93711039105166	0.348701776933501	0.840163062216837
"METSYN-PWY: superpathway of L-homoserine and L-methionine biosynthesis"	2.96360470743332	-4.04009467460626	1.38104302021284	-2.92539378967618	0.00344020587015361	0.208298839270547
"NAD-BIOSYNTHESIS-II: NAD salvage pathway III (to nicotinamide riboside)"	0.831365437060514	-2.90667554645257	2.03021738163062	-1.43170656145107	0.152227817805051	0.693449266631785
"NAGLIPASYN-PWY: lipid IVA biosynthesis (E. coli)"	9.66300658241109	-1.25437133153955	0.76275460422834	-1.64452803639064	0.100067177967731	0.671879623497623
"NONMEVIPP-PWY: methylerythritol phosphate pathway I"	100.583324288676	-0.107155286409256	0.16882340231988	-0.634718202197007	0.525612219997526	0.950145166918604
"NONOXIPENT-PWY: pentose phosphate pathway (non-oxidative branch) I"	171.974867445221	0.131401940162803	0.164821295311518	0.797238851414493	0.425312326147799	0.900436005808403
"OANTIGEN-PWY: O-antigen building blocks biosynthesis (E. coli)"	61.7009328241895	0.26591228243781	0.285623849291914	0.930987671712391	0.351859941375128	0.840163062216837
"ORNARGDEG-PWY: superpathway of L-arginine and L-ornithine degradation"	0.0749327191206055	-0.371068391579661	2.9509661598232	-0.125744712573015	0.899934007230023	0.998509607271919
"ORNDEG-PWY: superpathway of ornithine degradation"	2.35896345357475	-4.36755692836714	1.65515393199825	-2.63876177552516	0.00832094302779765	0.209450358225146
"P105-PWY: TCA cycle IV (2-oxoglutarate decarboxylase)"	4.95650572992258	0.0431840319596904	1.14338324797534	0.0377686414735907	0.969872147003761	0.998509607271919
"P108-PWY: pyruvate fermentation to propanoate I"	2.06589065102147	-1.72363929980401	1.43436173830602	-1.20167685303682	0.229488752580108	0.763384276076617
"P122-PWY: heterolactic fermentation"	3.47479201960998	-1.94881352404449	1.34229298161147	-1.45185406669181	0.14654218674143	0.689943577148279
"P124-PWY: Bifidobacterium shunt"	4.78301600895227	0.385253577296653	1.28869298841306	0.298949075350421	0.764978901566705	0.998509607271919
"P125-PWY: superpathway of (R,R)-butanediol biosynthesis"	1.40841394767534	-2.07814631846449	1.46166998702756	-1.42176164038956	0.155095458953122	0.693449266631785
"P161-PWY: acetylene degradation (anaerobic)"	13.2709559668087	-0.389329582142044	0.607927713929556	-0.640420848106224	0.52189903256059	0.950145166918604
"P162-PWY: L-glutamate degradation V (via hydroxyglutarate)"	0.0743679224965307	-0.36901398408973	2.95098103246379	-0.125047901030268	0.900485628387273	0.998509607271919
"P163-PWY: L-lysine fermentation to acetate and butanoate"	0	0	0	0	1	NA
"P164-PWY: purine nucleobases degradation I (anaerobic)"	31.9121428151548	0.176191472467649	0.311567879291792	0.565499475966973	0.571734080616035	0.952890134360059
"P185-PWY: formaldehyde assimilation III (dihydroxyacetone cycle)"	12.2716416314726	0.230318476623745	0.388711361959038	0.592517994490769	0.553503774646083	0.952890134360059
"P221-PWY: octane oxidation"	0.103978578868465	-0.616310289556223	2.94912124650291	-0.208980994012046	0.834463075619021	0.998509607271919
"P23-PWY: reductive TCA cycle I"	0.764157012516517	-2.80590782781169	1.90515256486159	-1.47279954349249	0.140805095483877	0.689943577148279
"P4-PWY: superpathway of L-lysine, L-threonine and L-methionine biosynthesis I"	2.28721475698029	-4.3315813194161	1.54293630903762	-2.80736236100235	0.0049949020063779	0.208298839270547
"P41-PWY: pyruvate fermentation to acetate and (S)-lactate I"	152.766157771304	-0.0888788836039933	0.20148616824714	-0.441116550963318	0.659128621999152	0.984944544830393
"P42-PWY: incomplete reductive TCA cycle"	7.95241965718223	-0.369121323423146	0.741361181780111	-0.497896750591708	0.618556817720983	0.978664381949989
"P441-PWY: superpathway of N-acetylneuraminate degradation"	30.7774970880121	-0.470998445671223	0.479563981016407	-0.982138910167879	0.32603141858364	0.840163062216837
"P461-PWY: hexitol fermentation to lactate, formate, ethanol and acetate"	12.7758368431036	-1.44128029423153	0.628466086981385	-2.2933302593211	0.0218289984024528	0.321251184727745
"P621-PWY: nylon-6 oligomer degradation"	0.338250690474572	-0.79225085658073	2.94116854196335	-0.269366017376165	0.787648034204655	0.998509607271919
"PANTO-PWY: phosphopantothenate biosynthesis I"	58.4057433777785	-0.342558504063588	0.198337218937061	-1.72715189765917	0.0841403871305458	0.617905967989946
"PANTOSYN-PWY: superpathway of coenzyme A biosynthesis I (bacteria)"	61.161475623776	-0.266485122078443	0.203277869759739	-1.31094015493871	0.189877983086282	0.702985659072714
"PENTOSE-P-PWY: pentose phosphate pathway"	124.115101923163	0.452083088566815	0.310535120584555	1.45581951476474	0.14544251961055	0.689943577148279
"PEPTIDOGLYCANSYN-PWY: peptidoglycan biosynthesis I (meso-diaminopimelate containing)"	90.6754462600779	0.00801540297772783	0.166126305338879	0.0482488487381774	0.961517919829673	0.998509607271919
"PHOSLIPSYN-PWY: superpathway of phospholipid biosynthesis I (bacteria)"	20.8287313209269	-0.912693521643108	0.604677129259024	-1.50938985035126	0.131199185295487	0.685151300987545
"POLYAMINSYN3-PWY: superpathway of polyamine biosynthesis II"	1.1610834573046	-3.03418860876231	1.69613080339696	-1.7888883349595	0.0736328008002358	0.596679592691566
"POLYAMSYN-PWY: superpathway of polyamine biosynthesis I"	4.29832770793638	-1.82488004420977	0.978853947902545	-1.86430268593191	0.0622792098533024	0.585424572621042
"POLYISOPRENSYN-PWY: polyisoprenoid biosynthesis (E. coli)"	14.7560766633863	-0.283771453283995	0.57313581331146	-0.495120784102501	0.620514863449142	0.978664381949989
"PPGPPMET-PWY: ppGpp metabolism"	12.3325078332634	-0.87801339279447	0.555966358437583	-1.57925633353415	0.114277273313887	0.679829706132468
"PROPFERM-PWY: superpathway of L-alanine fermentation (Stickland reaction)"	2.0204468604362	-0.737332083247859	1.29749364321463	-0.568274139225121	0.569848836164947	0.952890134360059
"PROTOCATECHUATE-ORTHO-CLEAVAGE-PWY: protocatechuate degradation II (ortho-cleavage pathway)"	0.0107046741600865	0.458729708182894	2.95516892410303	0.155229606145825	0.876640308844555	0.998509607271919
"PRPP-PWY: superpathway of histidine, purine, and pyrimidine biosynthesis"	0.262244485713381	-1.51424002650622	2.94165205226905	-0.514758373730233	0.606721876725121	0.976572883769887
"PWY-101: photosynthesis light reactions"	0.04365516209971	0.458729700250875	2.95516892409106	0.155229603462336	0.876640310960027	0.998509607271919
"PWY-1042: glycolysis IV"	443.231588102685	-0.110967647326837	0.115345341626505	-0.962047064598041	0.336025962874013	0.840163062216837
"PWY-1269: CMP-3-deoxy-D-manno-octulosonate biosynthesis"	17.9352870373562	-0.565515880030626	0.432915081290204	-1.3062974806635	0.191451413534697	0.702985659072714
"PWY-1861: formaldehyde assimilation II (assimilatory RuMP Cycle)"	18.9908172035533	0.342211536601077	0.902054810509539	0.379368894898719	0.704413945513038	0.998509607271919
"PWY-241: C4 photosynthetic carbon assimilation cycle, NADP-ME type"	11.5779906556464	-1.34820720601967	0.713437570376201	-1.88973396131739	0.0587935496208094	0.575686840037092
"PWY-2941: L-lysine biosynthesis II"	20.4624697339316	-0.0320883018491463	0.539594507220642	-0.059467436046426	0.952579801828544	0.998509607271919
"PWY-2942: L-lysine biosynthesis III"	109.252357814726	0.0831740648907179	0.11109581562836	0.748669645389289	0.454056343517412	0.919855523505102
"PWY-3001: superpathway of L-isoleucine biosynthesis I"	58.7746723799842	-0.00521708902993253	0.15656430328415	-0.0333223405367441	0.973417538478685	0.998509607271919
"PWY-3781: aerobic respiration I (cytochrome c)"	0.417423793444222	2.21495442286269	2.22589733277318	0.995083820916008	0.319695498815081	0.840163062216837
"PWY-3801: sucrose degradation II (sucrose synthase)"	0.0321140224802595	0.125243040809392	2.95441266544953	0.0423918575336651	0.96618631926286	0.998509607271919
"PWY-3841: folate transformations II (plants)"	174.518254420188	0.0741261337144996	0.108131486093503	0.685518495976291	0.493016793215192	0.949663495127624
"PWY-4041: &gamma;-glutamyl cycle"	15.2608398321566	-1.27024116434759	0.552627758801872	-2.29854751976546	0.0215306465438725	0.321251184727745
"PWY-4984: urea cycle"	25.2091730255299	-0.19778893171239	0.363880168438965	-0.543555128494358	0.586747644870812	0.964235640172314
"PWY-5004: superpathway of L-citrulline metabolism"	0.064228044960519	-0.265461367404931	2.95175755666787	-0.0899333235567629	0.928340200068519	0.998509607271919
"PWY-5005: biotin biosynthesis II"	1.18637527112891	-0.191092513486709	1.92419167176012	-0.0993105397405187	0.920891710285134	0.998509607271919
"PWY-5022: 4-aminobutanoate degradation V"	11.5478961204683	-0.0701586122518833	0.736621029390859	-0.0952438356394743	0.924121152415855	0.998509607271919
"PWY-5028: L-histidine degradation II"	0.0459364221359564	-0.0418374791710964	2.95351751377366	-0.0141653059363922	0.98869809906107	0.998509607271919
"PWY-5030: L-histidine degradation III"	19.7991307159316	0.281309046839057	0.594677142171104	0.473044996839844	0.636181076939931	0.983569428163709
"PWY-5097: L-lysine biosynthesis VI"	90.9693362556609	0.0101681686075813	0.144468276741033	0.0703834006811632	0.943888502818132	0.998509607271919
"PWY-5100: pyruvate fermentation to acetate and lactate II"	154.613376397503	-0.123232917230093	0.204267367842009	-0.603292236699341	0.54631429655554	0.952890134360059
"PWY-5103: L-isoleucine biosynthesis III"	123.50399531949	0.22660779597973	0.144347387957546	1.56987805034877	0.11644348497659	0.679829706132468
"PWY-5104: L-isoleucine biosynthesis IV"	0.139629559229843	-0.873722740018433	2.9469638206089	-0.296482343593178	0.76686174894454	0.998509607271919
"PWY-5121: superpathway of geranylgeranyl diphosphate biosynthesis II (via MEP)"	23.7514302579677	0.0064163021079569	0.471209075367588	0.0136166776986449	0.989135798824866	0.998509607271919
"PWY-5130: 2-oxobutanoate degradation I"	12.2346522918812	-0.226811021057476	0.534238104016907	-0.424550438001514	0.671164429426063	0.984944544830393
"PWY-5136: fatty acid &beta;-oxidation II (plant peroxisome)"	5.18534215220994	-2.71474992608517	0.974042406335915	-2.78709623772678	0.00531826823669482	0.208298839270547
"PWY-5138: fatty acid &beta;-oxidation IV (unsaturated, even number)"	0.111291355830737	-0.560486661228451	2.94959939644377	-0.190021282857669	0.849292453062693	0.998509607271919
"PWY-5154: L-arginine biosynthesis III (via N-acetyl-L-citrulline)"	33.0953449671751	-0.261207097292246	0.289095855860417	-0.903531102218094	0.366244088955793	0.840163062216837
"PWY-5180: toluene degradation I (aerobic) (via o-cresol)"	0.0735812214473501	-0.354766983848438	2.95108473180673	-0.120215790493837	0.904312209484379	0.998509607271919
"PWY-5188: tetrapyrrole biosynthesis I (from glutamate)"	14.2931308162716	-0.451499967002639	0.578879357648217	-0.77995520316517	0.435417243499747	0.913598680557506
"PWY-5189: tetrapyrrole biosynthesis II (from glycine)"	1.95371892076837	-4.11430878363129	1.31874453883908	-3.11986792169256	0.00180932147823717	0.208298839270547
"PWY-5198: factor 420 biosynthesis II (mycobacteria)"	0.176253538745352	-0.00615957324734554	2.94966962862401	-0.00208822479221814	0.998333838889737	0.998509607271919
"PWY-5209: methyl-coenzyme M oxidation to CO2"	0.174844854897332	0.00550992903493688	2.94974919610114	0.00186793136251031	0.998509607271919	0.998509607271919
"PWY-5265: peptidoglycan biosynthesis II (staphylococci)"	1.10210955222966	-0.499496690810359	2.37512543346341	-0.210303289153867	0.833430968319068	0.998509607271919
"PWY-5345: superpathway of L-methionine biosynthesis (by sulfhydrylation)"	8.32340894563586	-1.25199474601573	1.05602325792139	-1.18557497349072	0.235790190398222	0.763384276076617
"PWY-5347: superpathway of L-methionine biosynthesis (transsulfuration)"	3.21555022521377	-3.99687589499627	1.37603056011845	-2.90464180871987	0.0036767360412741	0.208298839270547
"PWY-5367: petroselinate biosynthesis"	2.51955814667927	-1.76404301640646	1.14828687156479	-1.53623894872418	0.124479786708547	0.679829706132468
"PWY-5384: sucrose degradation IV (sucrose phosphorylase)"	14.9596307558753	-0.53487431962637	0.556461364722722	-0.961206569826984	0.336448313699613	0.840163062216837
"PWY-5392: reductive TCA cycle II"	0.127475653648762	-0.79142491266785	2.94765409977214	-0.268493142641475	0.788319752544564	0.998509607271919
"PWY-5415: catechol degradation I (meta-cleavage pathway)"	0.0613176845394584	-0.230946166317604	2.95202843937463	-0.0782330424860435	0.937642678451886	0.998509607271919
"PWY-5417: catechol degradation III (ortho-cleavage pathway)"	0.021409348320173	0.298930702955664	2.95494006304806	0.101163034301045	0.919421040488533	0.998509607271919
"PWY-5431: aromatic compounds degradation via &beta;-ketoadipate"	0.021409348320173	0.298930702955664	2.95494006304806	0.101163034301045	0.919421040488533	0.998509607271919
"PWY-5464: superpathway of cytosolic glycolysis (plants), pyruvate dehydrogenase and TCA cycle"	0.108227828950142	-0.653626253613728	2.94881141408215	-0.221657529705804	0.824580494037207	0.998509607271919
"PWY-5484: glycolysis II (from fructose 6-phosphate)"	179.584628721217	-0.0222702877660228	0.196067872514193	-0.113584584156747	0.909567108315597	0.998509607271919
"PWY-5494: pyruvate fermentation to propanoate II (acrylate pathway)"	5.69756692412218	0.683126489318532	0.806719873934	0.846795165696414	0.397109303288734	0.864080428452339
"PWY-5497: purine nucleobases degradation II (anaerobic)"	3.06848126060552	-0.766182862784874	1.08176634867063	-0.708270195062388	0.478777482254428	0.94548494394782
"PWY-5505: L-glutamate and L-glutamine biosynthesis"	9.75755589945965	-0.223859639463763	0.538217186200542	-0.415928077369776	0.677462633229803	0.984944544830393
"PWY-5514: UDP-N-acetyl-D-galactosamine biosynthesis II"	0.0107046741600865	0.458729708182894	2.95516892410303	0.155229606145825	0.876640308844555	0.998509607271919
"PWY-561: superpathway of glyoxylate cycle and fatty acid degradation"	4.08216944032636	-3.22984243840909	1.50267202176277	-2.14939946417596	0.0316027478925908	0.390876092355729
"PWY-5656: mannosylglycerate biosynthesis I"	0.957246564589321	-3.08636840194099	2.01949667620267	-1.5282859527872	0.126441556058375	0.679829706132468
"PWY-5659: GDP-mannose biosynthesis"	46.0165413351725	-0.23146685032519	0.226516570947391	-1.02185393923762	0.306850035608875	0.835966507402491
"PWY-5667: CDP-diacylglycerol biosynthesis I"	84.3037251750207	-0.0725570617904905	0.167114427180125	-0.434175929719607	0.664160690818663	0.984944544830393
"PWY-5675: nitrate reduction V (assimilatory)"	0.862472732406692	-2.97828532810837	2.02633728952552	-1.46978755388041	0.141619301051733	0.689943577148279
"PWY-5676: acetyl-CoA fermentation to butanoate II"	36.0931399464799	-0.0833759586375124	0.340585030541211	-0.244802182013176	0.806609604316296	0.998509607271919
"PWY-5686: UMP biosynthesis I"	100.088559773523	-0.0559695797969752	0.203193629283834	-0.275449481335821	0.782970933114826	0.998509607271919
"PWY-5690: TCA cycle II (plants and fungi)"	1.08528302214519	-0.854496809421829	1.79966766566635	-0.474808113588817	0.634923749385363	0.983569428163709
"PWY-5692: allantoin degradation to glyoxylate II"	0.0321140224802595	0.125243040809392	2.95441266544953	0.0423918575336651	0.96618631926286	0.998509607271919
"PWY-5695: inosine 5-phosphate degradation	9.63114	80.0874	34.8162	52.4495	44.2926	32.371	26.5218	43.791	88.3288	80.2363	96.1234	95.8497	11.2924	56.0379	80.8373	50.2793	36.2829	47.9788	145.379	211.828	123.762	135.186	90.8814	164.989	192.376	68.3499	87.7084	79.3425	149.633	49.4448	161.139	126.328	181.823	251.51	474.085	81.6639	107.309	230.376	244.287	442.253
PWY-5705: allantoin degradation to glyoxylate III	0	0	0	0	0	0	0	1.26626	0	0	0	0	0	0	0	0	0	0	0	0	0	0	0	0	0	0	0	0	0	0	0	0	0	0	0	0	0	2.46517	0	4.41429
PWY-5723: Rubisco shunt	0	0	0	6.63884	0	0	0	37.5702	17.2235	0	3.95895	0	0	0	0	3.90387	29.1962	2.13152	8.80878	0	0	21.1651	0	15.2465	0	21.9794	0	3.46029	0	0	13.844	0	8.11785	0	15.9441	6.35064	5.64833	135.282	29.6619	58.7908
PWY-5747: 2-methylcitrate cycle II	0	0	0	0	0	0	0	1.54425	0	0	0	0	0	0	0	0	0	0	0	0	0	0	0	0	0	0	0	0	0	0	0	0	0	0	1.13448	0	0	2.19944	0	2.18623
PWY-5837: 2-carboxy-1,4-naphthoquinol biosynthesis	0	0	0	0	0	0	0	9.3695	0	0	0	0	0	0	0	0	0	0	0	0	0	6.22243	0	0	3.04548	0	0	0	0	0	0	0	0	0	10.6812	0	0	32.9173	6.70397	18.479
PWY-5838: superpathway of menaquinol-8 biosynthesis I	0	0	0	0	0	0	0	5.5012	0	0	0	0	0	0	0	0	0	0	0	0	0	14.3166	0	0	8.37999	0	0	0	0	0	0	0	0	0	31.4547	0	0	61.9532	17.3089	49.1095
PWY-5840: superpathway of menaquinol-7 biosynthesis	0	0	0	0	0	0	0	0	0	0	0	0	0	0	0	0	0	0	0	0	0	11.0462	0	0	8.41595	0	0	0	0	0	0	0	0	0	23.9992	0	0	51.0699	0	38.2095
PWY-5845: superpathway of menaquinol-9 biosynthesis	0	0	0	0	0	0	0	0	0	0	0	0	0	0	0	0	0	0	0	0	0	11.0462	0	0	0	0	0	0	0	0	0	0	0	0	28.2455	0	0	51.0699	16.2123	38.2095
PWY-5850: superpathway of menaquinol-6 biosynthesis	0	0	0	0	0	0	0	0	0	0	0	0	0	0	0	0	0	0	0	0	0	11.0462	0	0	0	0	0	0	0	0	0	0	0	0	3.58098	0	0	51.0699	0	38.2095
PWY-5855: ubiquinol-7 biosynthesis (early decarboxylation)	0	0	0	0	0	0	0	1.92264	0	0	0	0	0	0	0	0	0	0	0	0	0	2.16532	0	0	0	0	0	0	0	0	0	0	0	0	0.679015	0	0	14.4288	6.16771	4.7555
PWY-5860: superpathway of demethylmenaquinol-6 biosynthesis I	0	0	0	0	0	0	0	0	0	0	0	0	0	0	0	0	0	0	0	0	0	7.80438	0	0	0	0	0	0	0	0	0	0	0	0	2.40202	0	0	37.8342	0	27.7909
PWY-5861: superpathway of demethylmenaquinol-8 biosynthesis I	0	0	0	0	0	0	0	3.95806	0	0	0	0	0	0	0	0	0	0	0	0	0	10.2973	0	0	6.01867	0	0	0	0	0	0	0	0	0	22.1614	0	0	47.0113	12.8479	36.6707
PWY-5862: superpathway of demethylmenaquinol-9 biosynthesis	0	0	0	0	0	0	0	0	0	0	0	0	0	0	0	0	0	0	0	0	0	7.80438	0	0	0	0	0	0	0	0	0	0	0	0	19.7856	0	0	37.8342	11.9481	27.7909
PWY-5896: superpathway of menaquinol-10 biosynthesis	0	0	0	0	0	0	0	0	0	0	0	0	0	0	0	0	0	0	0	0	0	11.0462	0	0	0	0	0	0	0	0	0	0	0	0	3.58098	0	0	51.0699	0	38.2095
PWY-5897: superpathway of menaquinol-11 biosynthesis	0	0	0	0	0	0	0	5.38614	0	0	0	0	0	0	0	0	0	0	0	0	0	13.392	0	0	7.69154	0	0	0	0	0	0	0	0	0	28.3485	0	0	58.628	15.877	44.8556
PWY-5898: superpathway of menaquinol-12 biosynthesis	0	0	0	0	0	0	0	5.38614	0	0	0	0	0	0	0	0	0	0	0	0	0	13.392	0	0	7.69154	0	0	0	0	0	0	0	0	0	28.3485	0	0	58.628	15.877	44.8556
PWY-5899: superpathway of menaquinol-13 biosynthesis	0	0	0	0	0	0	0	5.38614	0	0	0	0	0	0	0	0	0	0	0	0	0	13.392	0	0	7.69154	0	0	0	0	0	0	0	0	0	28.3485	0	0	58.628	15.877	44.8556
PWY-5910: superpathway of geranylgeranyldiphosphate biosynthesis I (via mevalonate)	0	0	0	0	0	0	0	0	0	0	0	0	0	0	0	0	0	0	0	0	0	6.62469	0	0	0	0	0	0	0	0	3.67073	0	0	0	0	0	0	3.64986	0	0
PWY-5913: partial TCA cycle (obligate autotrophs)	0	0	0	16.564	0	0	4.68742	79.2837	0	0	3.74934	0	0	0	0	7.47595	3.20151	5.57553	16.6284	45.7497	6.35667	42.2306	4.14655	29.3884	4.51914	6.67826	8.04851	8.00008	0	2.60262	22.4144	5.5554	0	6.65881	12.8514	11.1058	18.4336	258.124	32.6981	34.4098
PWY-5918: superpathway of heme b biosynthesis from glutamate	0	0	0	0	0	0	0	4.37711	0	0	0	0	0	0	0	0	0	0	3.08275	0	0	18.2753	0	0	0	0	0	0	0	0	3.67337	0	0	0	6.44563	0	0	56.1363	9.29198	20.384
PWY-5920: superpathway of heme b biosynthesis from glycine	0	0	0	0	0	0	0	0	0	0	0	0	0	0	0	0	0	0	0	0	0	5.65715	0	0	0	0	0	0	0	0	0	0	0	0	3.70154	0	0	32.1778	4.5785	6.25245
PWY-5941: glycogen degradation II	0	196.203	16.6446	70.8696	153.131	22.825	97.2103	46.0254	410.823	251.425	168.6	224.628	25.468	72.3925	68.0932	59.988	73.3113	80.6253	708.287	777.548	191.487	266.303	146.023	607.113	177.921	45.9491	148.156	127.418	167.296	77.1212	566.646	492.801	278.667	1185.82	260.939	325.967	327.496	161.147	149.599	319.84
PWY-5971: palmitate biosynthesis (type II fatty acid synthase)	0	0	0	0	24.5462	0	0	101.704	0	0	0	0	0	0	0	0	0	0	0	0	1.73288	127.921	0	0	0	0	0	0	0	0	24.6352	0	13.9554	0	67.0266	19.1446	43.7722	339.609	81.1979	129.127
PWY-5972: stearate biosynthesis I (animals)	0	0	0	0	0	0	0	0	0	0	0	0	0	0	0	0	0	0	0	0	0	0	0	0	0	0	0	0	0	0	0	0	0	0	0	0	0	24.3749	0	0
PWY-5973: cis-vaccenate biosynthesis	17.8543	68.636	9.08182	28.7235	56.1308	10.0212	54.3094	98.6973	101.66	142.04	158.917	58.2678	24.061	39.3075	64.9517	47.6651	63.4405	28.8238	201.505	478.264	165.374	230.354	42.7452	194.565	139.304	42.7568	67.8316	73.7405	98.1709	38.9752	224.762	148.863	94.9969	308.188	265.939	90.4161	97.4479	390.138	125.169	250.836
PWY-5981: CDP-diacylglycerol biosynthesis III	0	0	0	2.08688	0	0	0	13.5388	0	0	1.15823	0	0	0	0	0	0	0	0	9.79148	0	14.0249	0	16.97	0	0	1.091	0	0	0	10.9618	0	0	10.7458	3.88038	9.37636	0.99959	70.2458	12.2065	9.65817
PWY-5989: stearate biosynthesis II (bacteria and plants)	8.89348	5.11491	0	3.63755	10.9728	0	5.64353	40.2757	0	0	42.5164	0	0	0	6.02221	1.13933	8.8705	0	37.0749	7.27577	10.6403	88.9926	0	17.5388	0	0	19.6857	3.46589	3.63332	11.4925	15.3914	20.9888	9.21169	10.5398	47.939	11.7519	30.1889	223.089	64.6063	104.746
PWY-5994: palmitate biosynthesis (type I fatty acid synthase)	0	0	0	0	0	0	0	0	0	0	0	0	0	0	0	0	0	0	0	0	0	0	0	0	0	0	0	0	0	0	0	0	0	0	0	0	0	0	0	1.44874
PWY-6071: superpathway of phenylethylamine degradation	0	0	0	0	0	0	0	0	0	0	0	0	0	0	0	0	0	0	0	0	0	0	0	0	0	0	0	0	0	0	0	0	0	0	0	0	0	0	0	0.734204
PWY-6121: 5-aminoimidazole ribonucleotide biosynthesis I	5.83475	237.365	9.5379	26.5888	137.471	16.4004	45.3945	58.2876	293.51	146.382	191.203	198.167	16.4161	73.6809	40.1923	65.7966	92.3629	59.6378	399.972	738.533	121.424	181.152	98.8613	255.55	159.741	26.5031	86.1338	110.04	143.828	52.5584	439.757	347.995	195.26	1490.54	312.146	174.942	174.313	133.629	91.9664	317.89
PWY-6122: 5-aminoimidazole ribonucleotide biosynthesis II	8.3965	288.277	9.92755	25.6172	131.768	17.2847	46.3819	57.0308	291.14	156.712	184.059	201.934	19.755	76.4786	35.541	70.4527	98.7817	60.9734	389.702	724.647	137.783	189.131	92.4924	251.347	179.677	30.269	87.5693	112.561	153.774	52.5442	453.614	379.852	210.431	1469.86	315.624	176.032	173.107	129.2	94.7349	317.645
PWY-6123: inosine-5-phosphate biosynthesis I"	90.0902226679262	-0.107765035436992	0.16036066544175	-0.672016639118631	0.501573103594104	0.950145166918604
"PWY-6124: inosine-5-phosphate biosynthesis II	13.2782	130.342	9.35403	16.7844	154.593	19.7625	35.915	17.6273	114.255	101.425	212.138	174.001	14.3801	72.6139	39.9414	46.3582	40.4459	47.5424	341.635	549.571	222.378	195.709	25.5768	216.77	90.1764	46.117	67.4141	97.5619	107.981	44.5938	217.702	221.305	70.4262	1242.59	247.458	154.09	88.5615	87.5363	94.0692	253.342
PWY-6125: superpathway of guanosine nucleotides de novo biosynthesis II	24.8345	52.2579	15.123	49.6112	54.6091	9.44452	36.332	39.4216	49.8148	110.018	177.149	110.439	26.0983	52.0486	41.8765	56.173	49.7009	58.3422	166.705	408.152	166.827	226.916	15.2668	130.948	85.4008	53.122	76.2218	80.865	95.4889	54.144	102.92	151.507	72.1349	902.319	210.254	106.945	108.653	204.232	158.661	235.795
PWY-6126: superpathway of adenosine nucleotides de novo biosynthesis II	32.5292	58.6255	20.8507	55.5934	67.9823	14.3701	48.4507	53.0148	61.7559	150.664	226.39	129.131	33.6347	60.7213	52.9842	66.0529	63.6179	71.3096	203.279	533.687	197.384	285.055	17.5985	152.313	100.128	70.3068	89.8076	101.92	116.766	63.1948	143.912	199.731	80.1055	1077.52	252.537	128.724	124.475	262.332	170.155	284.605
PWY-6143: CMP-pseudaminate biosynthesis	0	0	0	0	0	0	0	0	0	0	0	0	0	0	0	0	0	0	0	0	0	0	0	0	0	0	0	0	0	0	0	2.28265	0	0	1.57757	0	0	0	0	0
PWY-6147: 6-hydroxymethyl-dihydropterin diphosphate biosynthesis I	0	61.4426	0	14.1091	0	3.86193	0	11.212	14.8873	19.2608	24.5	22.9669	0	15.7841	0	11.1818	4.02382	13.2108	31.7516	35.3994	35.5534	11.9579	0	41.1692	28.925	13.8165	17.0001	6.79822	46.3077	11.1451	25.6356	18.6064	33.6883	76.4389	227.955	7.64423	38.2315	26.0014	51.9331	203.217
PWY-6151: S-adenosyl-L-methionine salvage I	5.6554	102.146	64.7533	68.9127	70.0869	32.353	31.1523	50.9203	121.682	106.114	71.651	166.152	29.7486	52.4589	62.0091	85.7083	144.559	176.14	139.484	320.823	94.8524	168.961	69.2604	142.72	134.947	64.5879	67.2102	110.735	132.326	43.3561	247.332	182.79	130.195	423.141	279.043	64.6099	184.324	202.139	88.3204	301.664
PWY-6160: 3-dehydroquinate biosynthesis II (archaea)	0	0	0	0	0	0	0	0	0	0	0	0	0	0	0	0	0	0	0	0	0	0	0	0	0	0	4.22563	0	0	0	0	0	0	0	0	0	3.265	0	0	6.28302
PWY-6163: chorismate biosynthesis from 3-dehydroquinate	5.39136	101.189	0	38.3213	41.2077	27.6712	39.4106	51.1572	91.8735	81.6507	77.16	151.308	7.39565	43.5564	38.8666	37.4901	50.7168	44.9256	206.159	279.648	86.3146	98.6157	57.1394	121.631	173.167	10.2543	56.9923	53.733	129.454	43.769	206.939	138.078	155.358	387.236	307.053	80.7263	141.086	115.551	86.6568	376.491
PWY-6165: chorismate biosynthesis II (archaea)	0	0	0	0	0	0	0	0	0	0	0	0	0	0	0	0	0	0	0	0	0	0	0	0	0	0	9.75983	0	0	0	0	0	0	0	0	0	8.34379	0	0	16.2879
PWY-6167: flavin biosynthesis II (archaea)	0	0	0	0	0	0	0	0	0	0	0	0	0	0	0	0	0	0	0	0	0	0	0	0	0	0	0	0	0	0	0	0	0	0	0	0	0	0	0	19.8605
PWY-6168: flavin biosynthesis III (fungi)	0	0	0	0	0	0	0	0	0	0	0	0	0	0	0	0	0	0	0	0	0	23.8156	0	0	0	0	0	0	0	0	0	32.4944	0	0	61.7645	0	0	104.875	45.8897	161.273
PWY-6182: superpathway of salicylate degradation	0	0	0	0	0	0	0	0	0	0	0	0	0	0	0	0	0	0	0	0	0	0	0	0	0	0	0	0	0	0	0	0	0	0	0	0	0	0	0	1.22024
PWY-6185: 4-methylcatechol degradation (ortho cleavage)	0	0	0	0	0	0	0	0	0	0	0	0	0	0	0	0	0	0	0	0	0	0	0	0	0	0	0	0	0	0	0	0	0	0	0	0	0	0	0	1.0594
PWY-6215: 4-chlorobenzoate degradation	0	0	0	0	0	0	0	0	0	0	0	0	0	0	0	0	0	0	0	0	0	0	0	0	0	0	0	0	0	0	0	0	0	0	0	0	0	0	0	1.40707
PWY-621: sucrose degradation III (sucrose invertase)	0	0	0	4.74932	0	0	7.62044	5.48004	20.7848	0	6.39742	56.7919	3.96615	0	4.24612	0	15.1786	0	19.8287	48.1959	36.6856	8.50231	7.78812	28.2945	36.6636	12.394	3.03449	6.90235	15.1357	0	18.0812	5.53387	33.4202	5.25581	165.048	13.7112	71.5567	48.6926	25.6418	109.967
PWY-622: starch biosynthesis	0	0	0	0	0	0	0	0	0	0	0	0	0	0	0	0	0	0	98.0315	0	0	0	0	0	0	0	0	0	0	0	0	0	0	0	0	0	0	0	0	0
PWY-6270: isoprene biosynthesis I	0	44.7542	0	9.13298	59.7173	0	13.2028	19.5611	89.6491	0	85.0491	11.5129	19.475	38.4255	33.2202	36.4588	43.536	46.4235	68.9827	312.601	60.5561	144.688	93.8779	88.6804	173.222	35.0148	77.5805	80.7153	107.642	33.1476	98.6608	66.9141	172.706	162.086	299.136	72.3866	122.378	97.5028	103.662	291.07
PWY-6277: superpathway of 5-aminoimidazole ribonucleotide biosynthesis	8.3965	288.277	9.92755	25.6172	131.768	17.2847	46.3819	57.0308	291.14	156.712	184.059	201.934	19.755	76.4786	35.541	70.4527	98.7817	60.9734	389.702	724.647	137.783	189.131	92.4924	251.347	179.677	30.269	87.5693	112.561	153.774	52.5442	453.614	379.852	210.431	1469.86	315.624	176.032	173.107	129.2	94.7349	317.645
PWY-6282: palmitoleate biosynthesis I (from (5Z)-dodec-5-enoate)	9.90746	0	0	20.3655	19.9935	0	7.77322	105.096	0	0	50.0609	0	0	0	7.00614	1.14861	12.1169	0	39.9726	7.3616	1.53297	114.108	0	18.3903	0	0	22.2068	3.50452	0	12.2658	16.6682	22.7995	9.37112	0	48.5213	13.5653	37.1171	367.84	75.2094	106.296
PWY-6284: superpathway of unsaturated fatty acids biosynthesis (E. coli)	0	0	0	0	17.2086	0	0	36.7986	0	0	0	0	0	0	0	0	0	0	0	0	1.70131	42.9198	0	0	0	0	0	0	0	0	12.9631	0	8.50521	0	29.6044	10.0157	11.3736	113.718	25.0416	49.4929
PWY-6285: superpathway of fatty acids biosynthesis (E. coli)	0	0	0	0	18.3165	0	0	53.974	0	0	0	0	0	0	0	0	0	0	0	0	0	66.3181	0	0	0	0	0	0	0	0	14.6277	0	0	0	31.0462	12.2768	15.2788	170.535	30.3741	58.8843
PWY-6292: superpathway of L-cysteine biosynthesis (mammalian)	0	2.29959	0	0	0	0	0	0	2.84365	0	0	4.68235	0	0	0	4.18519	0	0	11.7917	3.86529	0	8.01889	0	15.663	14.2707	0	0	9.78561	17.3642	0	5.35054	3.50073	19.3608	22.206	39.9272	5.73145	3.45828	7.14232	5.57507	49.6786
PWY-6293: superpathway of L-cysteine biosynthesis (fungi)	0	0	0	7.71597	0	0	0	0	0	0	0	0	0	0	0	0	0	0	0	0	0	8.21218	0	0	0	0	0	0	0	0	0	0	0	0	0.586122	0	0	11.8533	2.46283	11.9206
PWY-6305: superpathway of putrescine biosynthesis	0	0	0	2.62873	0	0	2.28936	20.78	2.17048	4.09591	10.6108	0	0	0	0	0	0	0	18.9559	10.5024	3.83477	19.3295	1.93548	6.16405	10.9605	5.62396	8.82859	0	9.89159	0	9.21408	0	22.6132	16.0715	47.4878	0	6.14951	33.2865	15.4313	76.6497
PWY-6317: D-galactose degradation I (Leloir pathway)	0	118.395	7.43109	30.8351	169.509	28.5522	50.5628	16.6316	171.975	151.395	122.696	301.286	29.1887	65.0392	50.1254	42.5122	75.7269	65.8707	308.48	622.604	83.5359	215.066	65.5452	280.019	145.487	18.7635	87.317	84.8119	117.22	49.4095	267.799	234.412	174.225	900.616	209.522	153.224	197.149	87.0436	117.044	225.061
PWY-6318: L-phenylalanine degradation IV (mammalian, via side chain)	0	0	0	0	0	0	0	0	0	0	0	0	0	0	0	0	0	0	0	0	0	0	0	0	0	0	0	0	0	0	0	0	0	0	0.565174	0	0	0	0	0.542252
PWY-6328: L-lysine degradation X	0	0	0	0	0	0	0	0	0	0	0	0	0	0	0	0	0	0	0	0	0	0	0	0	0	0	0	0	0	0	0	0	0	0	0	0	0	0	0	2.4315
PWY-6349: CDP-archaeol biosynthesis	0	0	0	0	0	0	0	0	0	0	0	0	0	0	0	0	0	0	0	0	0	0	0	0	0	0	2.7587	0	0	0	0	0	0	0	0	0	2.60894	0	0	6.38428
PWY-6350: archaetidylinositol biosynthesis	0	0	0	0	0	0	0	0	0	0	0	0	0	0	0	0	0	0	0	0	0	0	0	0	0	0	0	0	0	0	0	0	0	0	0	0	0	0	0	5.87651
PWY-6353: purine nucleotides degradation II (aerobic)	0	35.1516	0	0	27.1654	0	6.33079	4.70039	25.3395	24.4702	16.3327	29.1321	7.88678	8.13056	0	25.6018	21.3531	26.2127	69.0231	57.0987	8.9539	48.363	14.7979	43.043	19.5167	12.1248	15.6009	32.3677	36.3733	5.54492	47.881	28.5759	24.5249	71.525	73.2501	32.3531	27.1177	42.1857	19.7343	119.907
PWY-6385: peptidoglycan biosynthesis III (mycobacteria)	6.88944	144.143	0	34.544	86.9757	10.6756	33.5989	29.5137	166.247	100.753	105.17	208.836	14.5027	50.8461	36.6366	49.6088	69.6542	88.1429	160.039	393.752	107.824	162.698	51.9758	151.986	139.219	43.7779	71.5564	52.4503	113.757	42.2577	250.24	188.861	171.241	561.805	352.019	67.8908	136.916	141.419	92.3703	391.3
PWY-6386: UDP-N-acetylmuramoyl-pentapeptide biosynthesis II (lysine-containing)	7.27139	140.093	0	34.519	88.1506	7.74427	33.3923	25.9455	168.096	93.7241	99.633	197.103	16.1676	51.3046	41.829	50.2253	68.4867	80.015	162.859	402.636	112.2	149.432	53.1907	150.862	146.649	44.4594	64.6365	48.668	117.539	43.2968	252.716	185.866	185.683	532.116	380.672	68.3851	136.263	134.506	91.3464	414.973
PWY-6387: UDP-N-acetylmuramoyl-pentapeptide biosynthesis I (meso-diaminopimelate containing)	7.84469	170.411	0	37.679	91.4858	11.4057	34.0785	28.61	179.847	105.565	119.094	228.097	15.2431	59.7239	43.5783	55.9254	92.135	92.5822	216.119	421.35	128.534	164.548	71.6947	165.045	187.22	46.7802	69.6374	54.9352	119.408	46.8988	258.732	221	194.294	662.621	370.248	75.312	152.687	140.678	95.1698	423.762
PWY-6396: superpathway of 2,3-butanediol biosynthesis	0	0	0	0	0	0	0	6.34383	0	0	0	0	0	0	0	0	0	0	0	0	7.50743	2.06971	0	0	0	0	0	0	0	0	1.13178	0	0	6.99925	0	0	13.557	0	0	0
PWY-6470: peptidoglycan biosynthesis V (&beta;-lactam resistance)	0	45.9906	0	0	10.6301	0	12.3328	0	7.85525	33.72	25.3079	0	0	0	0	0	0	0	35.4915	39.9288	0	64.0539	15.4346	20.8311	38.5206	14.4779	0	8.89188	22.118	6.81064	49.9409	51.7848	38.4811	35.7267	91.8145	9.47807	0	28.694	31.1957	59.444
PWY-6471: peptidoglycan biosynthesis IV (Enterococcus faecium)	0	0	0	0	0	0	0	0	0	34.9451	16.6895	0	0	0	0	0	0	0	0	0	0	0	0	0	0	9.90592	0	0	12.71	7.27273	0	0	0	0	0	10.2238	0	16.58	0	0
PWY-6478: GDP-D-glycero-&alpha;-D-manno-heptose biosynthesis	0	0	0	0	0	0	0	0	0	0	0	0	0	0	0	0	0	0	0	0	0	0	0	0	0	0	0	0	0	0	0	0	0	0	5.92484	0	0	0	0	4.92114
PWY-6507: 4-deoxy-L-threo-hex-4-enopyranuronate degradation	0	30.1267	0	8.71403	25.6485	4.25608	3.93875	7.76384	41.7977	19.3524	0	86.2971	4.16349	38.4182	0	10.9933	9.83677	12.2685	166.854	47.1929	0	24.6354	0	86.0769	13.6757	9.62294	7.07738	11.9092	11.2267	7.2688	19.4662	45.249	15.3745	194.892	27.9673	9.82936	24.0284	18.1353	27.9114	33.5218
PWY-6519: 8-amino-7-oxononanoate biosynthesis I	0	0	0	0	18.1398	0	5.75418	0	0	0	34.8613	0	0	0	6.27428	1.36186	6.64942	0	42.6402	8.85401	1.30027	60.2916	0	19.4961	0	0	12.4213	4.05001	0	12.6603	17.1507	24.296	10.6008	0	55.4075	14.2889	25.7314	87.822	67.8636	110.895
PWY-6527: stachyose degradation	0	83.7405	0	4.94001	89.9368	0	27.1017	5.69195	92.4849	79.8436	78.8319	218.705	17.3762	24.4417	39.3633	30.1644	36.4944	39.3775	217.768	384.041	75.6144	126.167	47.654	146.197	122.855	5.2603	58.6028	35.6766	111.268	26.6161	164.263	123.664	153.788	622.055	187.938	104.444	96.8998	84.2452	104.511	186.809
PWY-6531: mannitol cycle	0	0	0	0	0	0	0	3.2868	0	0	0	0	0	0	0	0	0	0	0	0	3.7266	6.55721	0	0	0	0	0	0	0	0	0	0	0	0	15.0464	3.34701	3.02598	35.7543	9.19264	25.5117
PWY-6545: pyrimidine deoxyribonucleotides de novo biosynthesis III	0	0	0	0	0	0	0	7.13515	0	0	5.12305	0	0	0	0	26.9506	0	0	9.33793	0	0	2.34512	0	10.2083	0	0	0	2.26043	7.84414	5.67142	2.65139	0	0	0	9.26823	0	0	11.326	0	45.1169
PWY-6549: L-glutamine biosynthesis III	0	0	0	0	0	0	0	0	0	0	0	0	0	0	0	11.3348	0	7.79903	21.9439	53.3921	0	17.1319	0	0	10.4317	10.6351	0	7.37406	0	0	28.7563	7.33215	15.552	11.5178	21.7515	0	23.8095	17.7174	26.5367	49.7228
PWY-6562: norspermidine biosynthesis	0	0	0	0	0	0	0	0	0	0	0	0	0	0	0	0	0	0	0	0	0	0	0	0	0	0	0	0	0	0	4.01947	0	0	0	0	0	0	0	0	0
PWY-6572: chondroitin sulfate degradation I (bacterial)	0	0	0	0	0	0	0	0	0	0	0	0	0	0	0	0	0	0	0	0	0	0	0	0	0	0	0	0	0	0	0	0	0	0	7.57039	0	0	0	2.80069	10.0757
PWY-6588: pyruvate fermentation to acetone	3.62776	11.2407	0	0	5.93294	0	0	0	13.1826	8.29391	6.00876	0	4.37885	8.00486	0	4.29486	0	13.3983	6.93648	469.74	0	69.0672	12.1006	5.38475	12.1077	0	6.04526	14.6877	6.7425	0	39.0065	28.5387	2.79085	840.951	0.506302	10.8094	9.17924	22.9352	24.3016	10.251
PWY-6590: superpathway of Clostridium acetobutylicum acidogenic fermentation	0	0	0	0	0	0	0	0	28.8859	11.7944	6.34269	35.0822	7.37457	0	0	0	0	0	14.8241	44.9754	0	62.344	0	19.7333	14.1015	0	9.28891	10.4149	4.82303	0	23.3173	23.8517	14.92	44.6143	33.625	16.2425	16.4042	5.02022	10.438	34.5854
PWY-6595: superpathway of guanosine nucleotides degradation (plants)	0	0	0	0	0	0	0	0	0	0	0	0	0	0	0	0	0	0	5.49579	0	0	0	0	0	0	0	0	0	0	0	0	0	0	6.19421	6.97288	0	0	0	0	12.884
PWY-6606: guanosine nucleotides degradation II	0	19.771	0	0	20.7793	0	2.79351	2.55808	13.3875	14.4726	9.29106	17.1196	4.94327	4.47536	0	13.9058	12.3278	16.4376	41.1762	34.4474	4.61931	27.4459	6.49096	24.8062	9.41771	4.85678	7.3332	18.9008	20.2292	2.6619	26.6305	15.948	12.8908	42.2897	38.8937	20.187	15.1664	18.578	9.58971	66.098
PWY-6607: guanosine nucleotides degradation I	0	0	0	0	0	0	0	0	0	0	0	0	0	0	0	0	0	0	5.5196	0	0	0	0	0	0	0	0	0	0	0	0	0	0	6.0956	7.08184	0	0	0	0	13.1742
PWY-6608: guanosine nucleotides degradation III	4.37303	31.48	5.5747	6.89812	40.2575	8.38053	12.9999	7.64281	22.4804	37.2422	46.409	54.3943	7.8592	15.0386	9.44102	39.5139	20.9171	28.4562	61.3295	169.582	35.346	39.0286	17.1549	73.6889	35.7754	19.2135	21.4132	28.0867	28.6593	20.4293	38.824	37.3949	51.3022	166.392	59.7507	63.2723	28.5717	36.8168	63.4595	98.5209
PWY-6609: adenine and adenosine salvage III	41.6522	204.726	33.197	147.538	119.789	41.2213	78.012	48.0245	163.942	134.596	199.133	269.968	34.9061	128.331	97.8423	64.7586	118.554	153.231	416.511	368.695	150.266	269.361	92.1895	250.821	204.746	78.4661	130.812	175.348	150.587	85.3555	307.6	316.409	235.224	609.778	439.103	158.474	224.668	296.167	210.209	460.577
PWY-6612: superpathway of tetrahydrofolate biosynthesis	0	0	0	0	0	0	0	10.6015	0	0	0	0	0	0	0	0	0	0	0	0	0	12.7001	0	10.3109	5.95476	0	0	0	0	0	14.9637	0	0	0	25.1333	4.4339	2.86984	35.3432	8.26001	32.5161
PWY-6628: superpathway of L-phenylalanine biosynthesis	0	0	0	0	17.0933	0	0	5.55876	0	8.84839	0	24.1506	0	0	0	9.87312	0	0	53.8123	91.6993	0	42.2716	9.15798	32.9482	29.5395	7.58764	0	9.46519	24.016	7.53398	66.7551	16.8939	69.8679	84.0044	106.549	29.7448	29.1798	70.8885	48.7654	118.446
PWY-6630: superpathway of L-tyrosine biosynthesis	0	27.8793	0	4.51691	0	0	0	3.96467	0	4.67382	0	10.7028	0	0	0	0	0	0	0	77.992	0	26.5045	0	29.7993	13.1192	0	0	9.93698	0	6.4804	46.1342	11.3505	8.86927	6.57256	35.6727	21.9738	10.9381	30.6882	33.549	90.7713
PWY-6690: cinnamate and 3-hydroxycinnamate degradation to 2-hydroxypentadienoate	0	0	0	0	0	0	0	0	0	0	0	0	0	0	0	0	0	0	0	0	0	32.3595	0	0	0	3.45797	0.780704	0	0	0	0	0	0	0	3.86633	0	9.85353	1.68096	11.0607	6.45546
PWY-6700: queuosine biosynthesis I (de novo)	7.03223	57.5287	4.5705	12.1786	39.9137	3.76624	25.213	28.9101	77.114	37.7162	141.113	79.2979	17.8747	33.4345	12.4105	47.4003	37.7345	41.4966	103.845	197.363	53.5945	64.3702	57.2003	123.281	120.934	14.2689	51.7327	34.0878	86.2139	44.8658	133.05	82.5025	157.168	199.383	276.239	44.0288	115.178	94.1067	78.8596	363.038
PWY-6703: preQ0 biosynthesis	5.66372	32.1762	7.43108	5.77561	0	3.35135	0	9.06678	49.3275	39.9543	48.3158	64.3811	2.92321	17.7012	17.7392	30.4223	19.7411	53.9574	28.5974	140.435	41.2142	45.7146	43.2238	43.5959	91.355	9.20566	22.6099	21.6991	61.3247	15.99	44.0285	35.9215	59.4434	110.701	249.932	26.4026	48.4887	91.9483	66.6415	265.51
PWY-6708: ubiquinol-8 biosynthesis (early decarboxylation)	0	0	0	0	0	0	0	0	0	0	0	0	0	0	0	0	0	0	0	0	0	0	0	0	0	0	0	0	0	0	0	0	0	0	0	0	0	12.6622	0	2.51128
PWY-6731: starch degradation III	8.41445	2.79785	0	5.45259	16.4383	0	0	0	19.588	17.2266	29.9334	14.2051	12.5559	4.30029	10.7921	7.26031	2.73899	0	49.5699	207.875	21.1848	15.9715	31.8349	22.4481	76.2324	7.51096	13.0693	12.8292	55.0827	11.4211	39.6421	34.1452	21.0354	95.1704	93.239	26.0941	37.2197	26.5737	50.6278	104.388
PWY-6749: CMP-legionaminate biosynthesis I	0	0	0	0	0	0	0	0	0	0	0	0	0	0	0	0	0	0	0	0	0	0	0	0	0	0	0	0	0	0	0	0	0	0	9.0579	0	0	4.31827	0	12.5369
PWY-6803: phosphatidylcholine acyl editing	0	0	0	1.32501	0	0	0	15.4697	0	0	6.21252	0	0	0	0	0	0	0	5.67924	0	0	5.6851	0	0	0	0	4.27261	0	2.21829	0	0	0	1.72449	0	3.67926	3.40103	3.6448	102.879	8.60569	24.9169
PWY-6807: xyloglucan degradation II (exoglucanase)	0	0	0	0	0	0	0	0	0	0	0	0	0	0	0	0	0	0	0	0	0	4.14005	0	0	5.97614	0	0	0	2.63818	0	0	0	0	0	0	0	0	0	10.8502	2.55764
PWY-6823: molybdopterin biosynthesis	0	5.89331	0	2.57078	39.6931	2.70617	4.37011	5.52392	14.5833	9.12701	43.0994	6.85098	0	11.9597	44.431	4.49434	15.3401	8.24784	25.1062	70.8436	12.0635	58.5076	38.3199	54.721	126.413	26.4592	41.7849	15.2417	77.0001	8.60439	21.5446	28.8457	79.9009	96.6371	138.916	22.6076	48.2201	71.1453	39.8808	131.785
PWY-6859: all-trans-farnesol biosynthesis	4.0354	6.29645	0	0	0	0	0	0	3.74949	0	30.6614	0	3.40759	7.42917	0	5.83622	4.62459	0	17.6006	34.0646	17.9067	13.7414	0	6.51655	18.5672	0	4.33828	10.2824	21.3343	10.4828	5.95415	15.1321	14.7827	4.52807	103.407	7.74848	0	28.2013	23.7744	109.308
PWY-6876: isopropanol biosynthesis (engineered)	0	0	0	0	0	0	0	0	0	0	0	4.65052	0	0	0	0	0	0	0	0	0	0	0	0	0	0	0	0	0	0	0	0	0	0	0	0	0	0	0	0
PWY-6895: superpathway of thiamine diphosphate biosynthesis II	0	0	0	4.44826	0	11.023	0	0	13.0277	0	10.318	0	0	0	0	0	0	0	30.5858	45.4053	0	41.8979	0	21.8813	10.8849	0	0	0	31.5479	0	0	0	12.4449	370.863	43.0476	0	0	35.5858	7.90882	101.228
PWY-6897: thiamine diphosphate salvage II	13.3944	35.6132	31.5063	3.91216	13.217	11.4217	11.2298	6.9802	28.8839	21.8768	30.7115	61.03	0	38.3287	56.889	13.1129	24.3138	21.6004	63.8784	110.237	49.5036	48.9261	21.1627	48.4615	77.1795	55.7753	25.599	25.0034	57.2631	17.0883	52.2173	61.1492	78.142	289.636	209.889	31.7565	56.85	32.15	42.0417	203.065
PWY-6901: superpathway of glucose and xylose degradation	25.7963	79.6759	17.2463	63.8428	0	31.65	82.9753	41.322	48.6532	108.818	111.037	62.5338	33.3921	45.4421	68.9757	47.5032	98.5524	72.87	399.178	191.267	192.942	189.844	52.4901	316.767	159.81	61.3674	136.142	128.913	124.315	64.8332	163.576	265.766	123.687	83.2305	145.387	132.168	163.284	263.752	167.677	190.958
PWY-6902: chitin degradation II (Vibrio)	0	0	6.51471	0	25.1287	0	0	0	0	23.3756	0	2.4878	0	0	6.7223	0	0	0	17.1336	13.8186	5.24407	44.1477	15.6248	36.9277	24.9547	2.83211	7.67004	2.32644	27.3159	1.70596	6.978	12.4147	22.2869	22.9789	76.1454	22.6659	15.1824	7.0277	21.7112	112.438
PWY-6906: chitin derivatives degradation	0	0	0	0	0	0	0	0	0	8.73841	0	0	0	0	0	0	0	0	0	0	0	5.16986	0	0	0	0	0	0	14.7517	0	0	0	0	0	8.16168	0	0	0	11.689	20.928
PWY-6922: L-N&delta;-acetylornithine biosynthesis	0	0	0	0	0	0	0	2.57098	0	0	0	0	0	0	0	0	0	0	0	0	0	34.2472	0	0	0	0	0	0	0	0	0	0	0	5.11227	1.0216	0	0	2.79956	12.4214	3.17782
PWY-6936: seleno-amino acid biosynthesis (plants)	0	15.2327	0	51.3924	6.00779	3.67681	0	25.6019	15.6064	19.4547	3.99142	36.5025	0	0	6.835	0	0	0	50.1626	78.4125	0	20.9332	40.9991	17.3613	97.8093	0	15.9796	25.2973	30.4783	7.80499	44.0661	10.886	88.5339	43.6395	100.59	7.46128	57.7323	70.5008	27.3114	169.194
PWY-6953: dTDP-3-acetamido-&alpha;-D-fucose biosynthesis	0	0	0	0	0	0	0	0	0	0	0	0	0	0	0	0	0	0	0	0	0	0	0	0	0	0	0	0	0	0	0	0	0	0	0	0	0	0	0	6.12083
PWY-6961: L-ascorbate degradation II (bacterial, aerobic)	0	0	0	0	0	0	0	0	0	0	0	0	0	0	0	0	0	0	0	0	0	0	0	0	0	0	0	0	2.15572	0	0	0	1.60892	0	2.46038	0	0	3.29948	2.42539	12.2587
PWY-6969: TCA cycle V (2-oxoglutarate synthase)	13.7739	30.8706	0	15.3802	48.0618	6.72953	4.65672	98.3023	8.0049	13.6283	52.2469	70.5366	0	3.86863	0	13.6565	8.35113	15.1749	33.1857	45.3399	0	88.084	8.47448	31.4536	17.5673	9.77567	24.4338	81.8782	9.76033	16.7844	84.3575	70.048	18.0819	181.808	32.2643	18.0284	26.8097	641.708	76.9719	54.6468
PWY-6992: 1,5-anhydrofructose degradation	0	0	0	0	0	0	0	0	0	1.87414	0	18.7705	0	0	0	0	0	0	27.1	6.17744	0	2.92826	0	6.76782	0	0	0	0	0	0	0	3.51679	0	0	1.3509	0	0	3.0746	2.87467	4.65728
PWY-7013: (S)-propane-1,2-diol degradation	24.2688	192.628	11.4541	28.8517	366.091	29.7152	74.8215	27.642	338.175	241.924	32.6654	302.957	41.5957	87.4781	42.9044	104.858	59.9742	92.4786	534.688	418.001	351.371	265.19	49.7173	563.724	75.8526	0	64.9009	158.289	64.8984	43.6776	263.737	422.722	117.737	703.923	25.023	216.366	134.626	80.7162	114.433	16.9647
PWY-702: L-methionine biosynthesis II	0	0	0	7.5358	7.21111	0	0	21.0167	6.30703	1.73914	4.92995	8.58501	0	0	0	0	0	0	20.7725	25.7385	6.65079	18.2703	6.27594	15.9092	19.1363	0	0	9.60932	8.19311	4.66238	22.5728	4.59254	36.195	25.3888	34.1921	7.23569	24.9571	39.1139	19.0266	57.5588
PWY-7094: fatty acid salvage	0	0	0	0	0	0	0	2.17616	0	0	0	0	0	0	0	0	0	0	0	0	0	0	0	0	0	0	0	0	0	0	0	0	0	0	1.19707	0	0	54.7253	0	2.11614
PWY-7111: pyruvate fermentation to isobutanol (engineered)	20.4074	265.216	11.1738	34.0284	228.08	46.6869	66.1936	40.4856	322.274	253.447	153.793	425.2	32.0944	112.18	50.5823	79.3846	100.184	87.5656	522.143	831.96	201.506	186.711	58.1396	252.955	189.177	48.0768	72.4532	145.949	127.838	73.0058	530.256	326.355	176.744	673.01	237.693	198.602	191.061	191.402	145.802	303.047
PWY-7115: C4 photosynthetic carbon assimilation cycle, NAD-ME type	0	0	0	0	0	0	0	7.36033	9.03764	0	2.47697	0	0	0	11.3282	6.36369	0	0	4.20944	0	0	9.03616	0	8.15466	7.80296	5.2403	0	0	20.9939	0	27.2556	4.25917	6.96301	7.67548	20.2852	0	17.1695	60.1796	6.48437	26.5874
PWY-7117: C4 photosynthetic carbon assimilation cycle, PEPCK type	0	0	0	13.665	0	0	11.5699	29.4151	0	0	0	0	7.22851	0	14.404	9.26981	3.78411	6.13543	29.2649	64.31	13.1506	49.1376	0	40.0841	7.37205	9.16299	0	11.6922	0	3.72922	24.5641	7.67792	0	12.7634	16.2182	16.6881	18.4164	163.087	47.7621	66.432
PWY-7118: chitin deacetylation	0	0	0	0	0	0	0	53.8191	0	0	0	0	0	0	0	0	0	0	0	0	0	6.96161	0	0	0	0	0	4.38103	2.30019	0	0	0	0	0	6.28133	3.95238	0	151.977	8.01309	26.3019
PWY-7165: L-ascorbate biosynthesis VIII (engineered pathway)	0	0	0	0	0	0	0	0	0	0	0	0	0	0	0	0	0	0	0	0	0	0	0	0	0	0	0	0	0	0	0	0	0	0	0	0	0	0	0	2.41669
PWY-7184: pyrimidine deoxyribonucleotides de novo biosynthesis I	0	0	0	0	0	0	0	10.4725	0	0	5.1537	0	0	0	0	37.6965	0	0	9.36236	0	0	2.35999	0	10.377	0	0	0	2.26242	7.96118	5.91263	2.64751	0	0	0	9.29805	0	0	67.6097	3.12175	46.2265
PWY-7187: pyrimidine deoxyribonucleotides de novo biosynthesis II	0	0	0	0	0	0	0	0	0	0	0	0	0	0	0	0	0	0	0	0	0	6.41874	0	0	0	0	0	0	0	0	0	0	0	0	0	0	0	32.7407	0	0
PWY-7196: superpathway of pyrimidine ribonucleosides salvage	0	0	0	0	0	0	0	0	0	0	0	0	0	0	0	0	0	0	27.9235	15.1221	0	0	0	0	0	0	0	0	0	0	0	0	0	0	0	0	0	0	0	0
PWY-7197: pyrimidine deoxyribonucleotide phosphorylation	12.7401	56.5667	6.48558	37.4333	28.4952	5.4304	17.4947	14.1397	41.31	37.0653	28.8764	66.6377	12.4284	16.0428	20.3461	36.2267	36.6546	60.3711	95.8369	121.708	46.3697	75.9102	16.5178	60.0205	62.4274	41.3721	41.6839	39.3143	45.245	15.6646	62.1626	43.5222	79.6713	269.191	80.3396	39.8664	79.6455	80.9096	25.8435	135.773
PWY-7198: pyrimidine deoxyribonucleotides de novo biosynthesis IV	0	0	0	0	0	0	0	7.36136	0	0	4.04268	11.7016	0	0	0	36.2712	0	9.02769	7.41704	17.0998	0	9.63418	0	8.283	0	0	0	0	6.3563	2.3115	3.49835	12.7698	0	4.91934	13.8684	0	14.225	0	11.2673	47.7602
PWY-7199: pyrimidine deoxyribonucleosides salvage	13.719	81.4084	9.85317	20.9302	0	6.50396	24.465	0	45.1333	51.1592	46.414	52.927	7.4147	23.494	5.99695	33.8533	53.361	31.5826	38.5453	106.418	63.8243	68.5634	32.3133	45.113	88.7921	0	33.856	33.749	75.7108	20.0495	94.4747	113.274	74.7781	184.906	289.808	46.7728	59.3606	75.6622	66.6315	329.506
PWY-7200: superpathway of pyrimidine deoxyribonucleoside salvage	0	0	0	0	0	0	0	0	0	0	0	0	0	0	0	0	0	0	0	0	0	0	0	0	0	0	0	0	0	0	0	0	0	0	0	0	10.9735	0	0	0
PWY-7204: pyridoxal 5-phosphate salvage II (plants)"	0.666004761519747	-2.60843874843412	2.09970141534977	-1.24229032250265	0.214129464645359	0.751051107338199
"PWY-7208: superpathway of pyrimidine nucleobases salvage"	89.6996676632226	0.139026294441013	0.16002639358764	0.868771027854689	0.384972382804767	0.849406393460951
"PWY-7209: superpathway of pyrimidine ribonucleosides degradation"	0.171670961198641	-1.08093421665894	2.61189066409959	-0.41385125017535	0.678983047925633	0.984944544830393
"PWY-7210: pyrimidine deoxyribonucleotides biosynthesis from CTP"	1.30617674337905	-0.223028392448913	1.60593911820389	-0.13887724006521	0.889547156458748	0.998509607271919
"PWY-7211: superpathway of pyrimidine deoxyribonucleotides de novo biosynthesis"	3.97509962861294	-2.12081042474611	1.32500399744487	-1.60060681238386	0.109464032463461	0.679829706132468
"PWY-7220: adenosine deoxyribonucleotides de novo biosynthesis II"	58.4757963673595	-0.287331847378118	0.217402570761969	-1.32165800234586	0.18628205953973	0.702985659072714
"PWY-7221: guanosine ribonucleotides de novo biosynthesis"	185.572809787459	-0.00576582952127029	0.109781386720054	-0.0525210119268521	0.958113553342036	0.998509607271919
"PWY-7222: guanosine deoxyribonucleotides de novo biosynthesis II"	58.4757963673595	-0.287331847378118	0.217402570761969	-1.32165800234586	0.18628205953973	0.702985659072714
"PWY-7228: superpathway of guanosine nucleotides de novo biosynthesis I"	110.47778541475	0.00798990401051798	0.169711936088594	0.0470792107771785	0.962450096358609	0.998509607271919
"PWY-7229: superpathway of adenosine nucleotides de novo biosynthesis I"	128.261339223577	-0.098543395981107	0.159404261963223	-0.618198000275818	0.536444828090099	0.952890134360059
"PWY-7234: inosine-5-phosphate biosynthesis III	6.74394	0	0	0	0	0	0	16.8955	0	0	12.0916	8.85747	0	0	0	11.4244	0	0	22.3802	54.303	8.90083	48.5643	0	38.6579	0	6.34547	17.0248	10.3336	11.6432	0	20.9683	13.0346	0	26.1341	47.0554	20.5125	47.7675	89.1455	22.6749	56.3163
PWY-7237: myo-, chiro- and scyllo-inositol degradation	0	197.497	0	0	0	0	0	0	0	0	62.5027	0	0	0	0	0	0	0	465.431	266.555	102.204	0	0	0	87.1642	40.9773	0	52.6193	0	0	0	0	118.776	316.087	190.017	0	0	26.4205	0	157.197
PWY-7238: sucrose biosynthesis II	0	184.422	16.066	75.7188	132.448	19.7676	94.067	42.9307	465.03	253.674	160.951	201.38	20.4923	63.815	65.893	56.9759	67.2028	69.1743	865.843	689.55	168.935	229.149	172.155	663.35	191.484	46.174	166.542	117.407	202.616	72.7398	667.56	530.189	332.666	1179.13	341.899	318.236	408.35	130.619	153.89	468.102
PWY-7242: D-fructuronate degradation	0	29.5131	0	7.77378	35.0826	4.11658	3.89578	6.10034	38.515	18.711	0	85.9188	3.73646	33.379	0	13.891	9.70176	12.0132	147.608	46.6902	3.81621	24.3376	0	74.5695	5.87225	8.98691	7.53926	11.8153	14.1737	9.82269	26.8332	44.3601	11.767	136.798	41.0333	13.2884	11.3615	28.3745	24.2739	32.6883
PWY-724: superpathway of L-lysine, L-threonine and L-methionine biosynthesis II	6.50647	187.768	7.51828	19.7664	73.2593	8.55334	23.8632	23.544	118.616	94.3163	101.745	113.846	6.60242	27.7821	10.5943	32.6878	40.1211	39.5388	220.717	347.839	83.1037	111.258	45.8174	122.687	112.373	29.9097	61.3251	58.0104	92.9503	45.4748	251.915	162.084	137.156	254.785	234.561	81.0523	141.863	89.0268	69.4063	280.286
PWY-7254: TCA cycle VII (acetate-producers)	0	0	0	3.2147	0	0	2.84345	0	0	0	0	0	0	0	0	3.42676	3.71386	0	0	0	0	31.8089	5.42744	0	0	0	7.96075	9.55608	0	3.63933	7.01597	7.85667	0	11.9578	8.29302	6.20604	3.94449	8.41725	2.85116	8.21758
PWY-7269: mitochondrial NADPH production (yeast)	0	0	0	0	0	0	0	5.40318	0	0	0	0	0	0	0	0	0	0	0	0	0	7.37111	0	0	0	0	0	0	0	0	5.78713	0	0	0	0.558774	0.521204	0.215771	0	3.07268	8.39834
PWY-7279: aerobic respiration II (cytochrome c) (yeast)	0	0	0	8.12844	0	0	0	0	0	0	0	2.95064	0	0	0	0	0	0	0	2.63512	0	0	0	0	2.67725	0	0	0	0	0	0	0	0	0	0	0	0.74259	0	0	0.965215
PWY-7282: 4-amino-2-methyl-5-diphosphomethylpyrimidine biosynthesis II	4.30023	0	0	4.47643	0	0	12.8273	24.4404	0	7.33226	5.30994	0	0	0	19.0242	0	8.93588	0	25.7337	14.8765	8.66927	57.0557	0	46.6621	31.2713	10.4583	13.93	18.6952	44.9131	10.1535	29.6472	42.8857	0	0	94.8065	11.1475	0	55.5005	33.8464	107.595
PWY-7286: 7-(3-amino-3-carboxypropyl)-wyosine biosynthesis	0	0	0	0	0	0	0	0	0	0	0	0	0	0	0	0	0	0	0	0	0	0	0	0	0	0	0	0	0	0	0	0	0	0	0	0	0	0	0	3.22416
PWY-7312: dTDP-&beta;-D-fucofuranose biosynthesis	0	0	0	0	0	0	0	0	0	0	15.3146	0	0	0	0	0	0	0	0	0	0	0	0	0	0	0	0	0	4.19875	0	0	0	0	0	11.4545	0	0	6.23972	3.87429	0
PWY-7315: dTDP-N-acetylthomosamine biosynthesis	0	0	0	3.69498	0	0	0	5.8657	7.3726	9.60967	0	9.07146	0	0	16.5276	4.73932	3.34465	0	5.07829	4.17646	22.3608	7.33734	0	2.73972	0	0	2.3598	2.85109	42.7682	6.54543	2.02053	5.64524	0	4.22201	27.1651	0	24.7714	9.71098	15.3596	8.24756
PWY-7316: dTDP-N-acetylviosamine biosynthesis	0	0	0	0	0	0	0	0	0	0	0	0	0	0	0	0	0	0	12.8894	0	0	0	0	0	0	0	0	0	0	0	0	0	0	0	0	0	0	0	0	0
PWY-7323: superpathway of GDP-mannose-derived O-antigen building blocks biosynthesis	4.44974	11.1484	0	2.81356	0	0	12.317	6.78186	12.623	65.2028	31.0605	0	0	23.1408	12.2986	13.3531	22.2105	15.5884	150.689	91.1493	19.4618	100.615	10.5353	62.3283	55.8605	11.522	18.8034	30.0239	44.4078	24.5639	56.5798	46.5564	53.9304	17.9543	103.484	28.6472	17.0182	54.941	43.8121	66.2775
PWY-7328: superpathway of UDP-glucose-derived O-antigen building blocks biosynthesis	0	66.8288	0	12.8342	78.5902	0	32.7492	25.4834	34.1625	55.8737	37.1455	20.4683	12.2543	23.6012	6.31248	10.9993	16.3209	16.5029	98.5008	103.677	83.8919	116.745	20.0684	95.2215	57.0855	24.4656	52.2135	60.5233	35.516	38.8994	172.812	61.7971	92.2437	244.47	83.1554	57.6777	88.669	68.5011	71.6369	109.654
PWY-7340: 9-cis, 11-trans-octadecadienoyl-CoA degradation (isomerase-dependent, yeast)	0	0	0	0	0	0	0	0	0	0	0	0	0	0	0	0	0	0	0	0	0	0	0	0	0	0	0	0	0	0	0	0	0	0	0	0	0	52.249	0	0
PWY-7345: superpathway of anaerobic sucrose degradation	0	0	0	22.6477	0	0	0	28.4093	49.6066	0	23.6667	100.152	9.21433	0	10.6517	0	47.5837	0	51.1856	128.69	85.9994	43.1544	13.9414	110.738	24.7092	43.2428	14.3349	25.9387	38.2045	0	68.9319	26.6229	68.1308	26.4629	98.0455	12.4401	99.2109	201.989	70.7013	145.603
PWY-7356: thiamine diphosphate salvage IV (yeast)	0	0	0	0	13.9601	0	0	0	4.90741	0	3.37181	4.28744	0	0	0	0	0	8.70061	6.57264	0	5.94745	13.6459	0	0	3.12212	0	3.86898	0	3.42729	2.24752	2.32761	0	10.1434	50.0994	13.74	0	0	4.14509	2.96652	19.9984
PWY-7357: thiamine phosphate formation from pyrithiamine and oxythiamine (yeast)	13.7976	24.3691	27.2143	2.58781	28.7605	8.07133	7.97782	7.83804	21.7129	14.9874	25.635	43.009	0	27.6307	57.972	9.88049	19.519	14.8238	56.2668	92.9595	36.3212	41.5889	18.8818	33.9573	92.8005	47.1038	22.3283	18.9444	61.5901	19.3479	38.381	55.0885	109.434	236.943	197.666	28.5932	49.2506	28.8144	36.3832	211.221
PWY-7371: 1,4-dihydroxy-6-naphthoate biosynthesis II	0	0	0	0	0	0	0	0	0	0	0	0	0	0	0	0	0	0	0	0	0	0	0	0	0	0	0	0	0	0	0	0	5.49819	6.14252	0	0	0	0	0	0
PWY-7373: superpathway of demethylmenaquinol-6 biosynthesis II	0	0	0	0	0	0	0	0	0	0	0	0	0	0	0	0	0	0	0	0	0	0	0	0	0	0	0	0	0	0	0	0	0	4.83248	0	0	0	0	0	0
PWY-7383: anaerobic energy metabolism (invertebrates, cytosol)	9.98299	63.163	6.57403	0	46.023	0	22.2759	20.0872	44.5798	63.0901	10.8289	70.7402	17.1326	50.5719	24.967	30.7763	45.7967	49.3051	50.0672	10.6142	36.1449	33.6068	12.4418	66.6655	53.369	14.9739	48.0859	65.7379	39.7003	15.521	132.694	100.478	45.6746	103.141	57.4981	48.8615	58.1216	38.2013	6.54117	69.0669
PWY-7384: anaerobic energy metabolism (invertebrates, mitochondrial)	0	0	0	0	0	0	0	0	0	0	0	0	0	0	0	0	0	0	0	0	0	0	0	0	0	0	0	0	0	0	0	0	0	0	0	0	0	0	0	2.13601
PWY-7385: 1,3-propanediol biosynthesis (engineered)	0	0	0	8.72192	0	0	4.73872	0	0	0	10.9888	0	0	0	0	0	6.81376	0	0	0	0	42.0269	10.8112	0	0	0	6.87156	4.13885	0	3.30994	3.44354	0	0	0	6.09325	9.55964	5.74093	13.9031	8.38338	28.4068
PWY-7388: octanoyl-[acyl-carrier protein] biosynthesis (mitochondria, yeast)	0	0	0	0	0	0	0	0	0	0	0	0	0	0	0	0	0	0	0	0	0	0	0	0	0	0	0	0	0	0	0	0	0	0	4.20288	0	0	0	0	15.4612
PWY-7389: superpathway of anaerobic energy metabolism (invertebrates)	0	0	0	0	0	0	0	0	0	0	0	0	0	0	0	0	0	0	0	0	0	0	0	0	0	0	0	0	0	0	0	0	0	0	0	0	0	0	0	3.3307
PWY-7391: isoprene biosynthesis II (engineered)	0	0	0	0	0	0	0	0	0	0	0	0	0	0	0	0	0	0	0	0	0	0	0	0	0	0	0	0	0	0	0	0	0	0	0	0	0	2.38873	0	0
PWY-7392: taxadiene biosynthesis (engineered)	0	14.7643	0	0	0	0	0	0	9.56976	0	53.1829	0	6.11614	16.0688	0	12.2452	10.7323	0	42.8699	67.7252	38.3102	25.6833	0	17.0916	36.5853	0	10.4385	20.8756	40.8928	18.6855	14.3593	33.7765	33.7765	12.6521	176.983	16.2962	0	23.619	41.51	188.097
PWY-7396: butanol and isobutanol biosynthesis (engineered)	0	0	0	0	0	0	0	0	0	0	0	0	0	0	0	0	0	0	0	0	0	0	0	0	0	0	0	0	0	0	0	0	0	0	0	0	0	0	0	0.9813
PWY-7399: methylphosphonate degradation II	0	0	0	0	0	0	0	0	0	0	0	0	0	0	0	0	0	0	0	0	0	0	0	0	0	0	0	0	0	0	0	0	0	0	0	0	0	0	0	0.29176
PWY-7400: L-arginine biosynthesis IV (archaebacteria)	0	0	0	0	0	0	18.1734	28.8343	69.9745	0	0	58.5213	0	0	15.4739	0	0	0	34.9224	0	0	74.7578	71.4289	0	80.7553	0	40.9581	32.8797	71.232	0	0	0	97.2761	131.031	183.449	35.0243	95.8314	143.293	65.3451	214.361
PWY-7409: phospholipid remodeling (phosphatidylethanolamine, yeast)	0	0	0	0	0	0	0	0	0	0	0	0	0	0	0	0	0	0	0	0	0	0	0	0	0	0	0	0	0	0	0	0	0	0	0	0	0	0	0	4.42033
PWY-7434: terminal O-glycans residues modification (via type 2 precursor disaccharide)	0	0	0	0	0	0	0	0	0	0	0	0	0	0	0	0	0	0	0	0	0	1.36376	0	0	0	0	0	0	0	0	0	0	0	0	10.2524	0	0	1.56332	0	0
PWY-7446: sulfoquinovose degradation I	0	0	0	0	0	0	0	0	0	0	0	0	0	0	0	0	0	0	0	0	0	0	0	0	0	0	0	0	0	0	0	0	0	0	0	0	0	0	0	2.95088
PWY-7456: &beta;-(1,4)-mannan degradation	0	54.8169	0	0	23.1764	11.4615	7.15206	0	30.4749	30.0744	0	56.2288	8.58768	0	0	11.3053	18.3114	16.1769	38.5299	55.3061	17.3624	32.1583	7.08768	54.2426	42.6514	0	10.0812	40.6609	33.5488	8.39688	89.5008	78.9542	46.4411	61.2794	66.7609	34.344	37.1671	5.42032	29.8057	45.6999
PWY-7511: protein ubiquitination	0	0	0	0	0	0	0	0	0	0	0	0	0	0	0	0	0	0	0	0	0	0.122539	0	0	0	0	0	0	0	0	0	0	0	0	0	0	0	0	0	0
PWY-7560: methylerythritol phosphate pathway II	0	43.0703	13.4766	27.1625	57.4033	0	14.2117	33.7505	85.368	13.4203	83.7982	25.4981	24.0062	43.8365	32.7143	35.7075	42.2987	60.8245	63.9192	308.969	57.8797	147.419	93.0549	86.3869	176.561	35.0601	80.8078	84.6597	105.888	33.6613	91.9618	61.9883	176.757	148.357	308.525	72.2794	126.053	152.679	106.772	287.327
PWY-7616: methanol oxidation to carbon dioxide	0	0	0	0	0	0	0	0	0	0	0	0	0	0	0	0	0	0	0	0	0	0	0	0	0	0	0	0	0	0	0	0	0	0	1.14617	0	0	0	0	3.42977
PWY-7663: gondoate biosynthesis (anaerobic)	15.3686	56.057	7.66729	24.9205	49.2488	8.83001	51.2523	150.038	86.1603	122.202	139.54	48.1549	20.7734	32.4539	63.9835	41.4682	53.8477	23.6647	186.723	412.059	143.806	198.622	37.2802	169.22	125.021	37.9796	59.9368	64.6689	88.1392	34.5535	188.688	128.306	82.6225	253.238	239.144	78.832	83.2496	382.281	117.322	228.986
PWY-7664: oleate biosynthesis IV (anaerobic)	10.3834	0	0	20.7974	21.7645	0	8.87661	108.406	0	0	55.0608	0	0	0	8.01351	1.33358	13.69	0	44.891	8.56459	1.24897	120.732	0	21.0572	0	0	24.2511	4.0472	0	13.4009	19.1877	25.8835	10.797	0	54.9901	15.3585	41.0017	365.379	79.3828	116.493
PWY-7688: dTDP-&alpha;-D-ravidosamine and dTDP-4-acetyl-&alpha;-D-ravidosamine biosynthesis	0	0	0	0	0	0	0	0	0	0	0	0	0	0	0	0	0	0	0	0	0	0	0	0	0	0	0	0	0	0	0	0	0	0	0	0	0	0	0	7.12418
PWY-7731: superpathway of photosynthetic hydrogen production	0	0	0	0	0	0	0	0	0	0	0	0	0	0	0	0	0	0	0	0	0	0	0	0	0	0	0	0	0	0	0	0	0	0	0	0	0	0	0.255356	0
PWY-7761: NAD salvage pathway II (PNC IV cycle)	0	15.5972	0	9.12075	8.80041	0	5.11584	11.5531	13.809	6.96213	7.48733	31.7005	0	0	0	10.7439	9.32096	10.2307	8.58015	34.3549	18.5171	30.0297	0	22.5689	43.8727	11.6603	18.0131	14.5246	0	4.05558	23.8751	13.4982	33.1068	50.7862	80.7514	5.3532	29.8382	43.0925	23.8024	89.0081
PWY-7783: plasmalogen degradation	0	0	0	0	0	0	0	0	0	0	0	0	0	0	0	0	0	0	0	0	0	0	0	0	0	0	0	0	0	0	0	0	0	0	0	0	0	0	0	1.44469
PWY-7790: UMP biosynthesis II	9.57904	234.69	0	5.37317	136.76	14.0576	40.3215	14.2706	251.099	126.458	155.337	207.864	13.3637	65.5284	37.673	53.0561	74.6384	88.0893	283.364	631.707	118.656	162.763	61.6589	194.564	150.274	36.8214	74.6451	98.5063	138.722	43.3678	361.505	274.279	201.459	986.065	386.812	119.237	146.733	92.4548	92.9853	369.118
PWY-7791: UMP biosynthesis III	9.57904	234.69	4.54534	5.37317	136.76	14.0576	40.3215	6.85172	251.099	126.458	155.337	207.864	13.3637	65.5284	37.673	53.0561	74.6384	88.0893	283.364	631.707	118.656	162.763	61.6589	194.564	150.274	36.8214	74.6451	98.5063	138.722	43.3678	361.505	274.279	201.459	986.065	386.812	119.237	146.733	92.4548	92.9853	369.118
PWY-7805: (aminomethyl)phosphonate degradation	0	0	0	0	0	0	0	0	0	0	0	0	0	0	0	0	0	0	0	0	0	0	0	0	0	0	0	0	0	0	0	0	0	0	0	0	0	0	0	0.620267
PWY-7807: glyphosate degradation III	0	0	0	0	0	0	0	0	0	0	0	0	0	0	0	0	0	0	0	0	0	0	0	0	0	0	0	0	0	0	0	0	0	0	0	0	0	0	0	0.559841
PWY-7820: teichuronic acid biosynthesis (B. subtilis 168)	0	0	0	0	0	0	0	0	0	0	0	0	0	0	0	0	0	0	0	0	0	0	0	0	0	0	0	0	0	0	0	0	0	0	1.30177	0	0	0	0	7.41552
PWY-7851: coenzyme A biosynthesis II (eukaryotic)	0	86.245	0	28.6688	59.9813	9.86423	27.2696	10.5852	126.527	79.4506	119.782	153.903	20.3816	34.8997	27.445	41.1044	42.2053	38.2691	166.511	358.45	98.1065	118.471	47.9143	122.51	130.187	16.4928	60.4163	63.7314	113.504	33.8067	193.596	139.098	141.772	418.791	329.699	68.5611	120.199	74.7395	102.227	319.444
PWY-7858: (5Z)-dodecenoate biosynthesis II	0	0	0	0	5.34434	0	0	54.3006	0	0	4.30674	0	0	0	0	0	0	0	0	0	0	23.6681	0	0	0	0	0	0	0	0	3.23421	0	0	0	5.37056	3.38747	2.85716	133.32	5.55357	11.5422
PWY-7873: D-erythronate degradation II	0	0	0	0	0	0	0	0	0	0	0	0	0	0	0	0	0	0	0	0	0	0	0	0	0	0	0	0	0	0	0	0	0	0	0	0	0	0	0	2.1136
PWY-7874: L-threonate degradation	0	0	0	0	0	0	0	0	0	0	0	0	0	0	0	0	0	0	0	0	0	0	0	0	0	0	0	0	0	0	0	0	0	0	0	0	0	0	0	2.1136
PWY-7883: anhydromuropeptides recycling II	0	0	0	1.07567	0	0	0	2.42928	0	0	0	0	0	0	0	3.19974	0	0	0	0	0	4.65796	0	0	0	0	0	0	0	0	3.08382	0	0	0	3.46961	0	0	42.6907	0	8.33574
PWY-7942: 5-oxo-L-proline metabolism	0	0	0	0	0	0	0	0	0	0	0	0	0	0	0	0	0	0	0	0	0	17.3751	0	0	0	0	0	0	2.67204	0	0	0	0	0	10.3897	0	6.85664	16.7048	18.1484	31.3176
PWY-7953: UDP-N-acetylmuramoyl-pentapeptide biosynthesis III (meso-diaminopimelate containing)	8.87523	143.07	0	33.7446	88.372	8.16081	33.9124	31.1185	174.16	101.398	113.308	221.666	14.9075	49.0703	35.219	52.5368	91.7685	88.1917	212.59	405.875	109.746	160.193	46.3751	164.658	135.981	39.2746	64.2351	54.5063	114.139	46.7347	258.449	217.464	178.583	646.377	362.003	68.2679	144.254	158.672	84.0548	402.608
PWY-7977: L-methionine biosynthesis IV	23.8456	230.541	6.15442	34.2823	135.737	21.1746	34.5422	23.8407	164.931	184.534	108.689	236.392	24.2062	107.583	45.2268	58.8021	81.3645	83.407	211.462	500.475	178.474	225.772	71.6934	184.771	139.452	35.6208	77.1115	80.2386	107.955	53.9316	351.583	217.319	120.326	593.106	291.323	131.526	165.644	123.39	93.0826	281.871
PWY-7992: superpathway of menaquinol-8 biosynthesis III	0	0	0	0	0	0	0	0	0	0	0	0	0	0	0	0	0	0	0	0	0	0	0	0	0	0	0	0	0	0	0	0	10.5392	12.106	0	0	0	0	0	0
PWY-8004: Entner-Doudoroff pathway I	20.4098	31.2246	0	40.7729	0	23.5445	16.3795	73.8383	22.2062	43.4055	32.4875	32.7146	11.3102	36.927	30.9155	36.1542	49.8647	63.4588	282.873	71.4571	78.7836	119.704	0	249.932	42.2353	48.2939	43.5108	34.9477	36.3183	32.3396	75.8327	113.113	36.4823	69.8283	86.3534	46.7492	85.2289	293.995	131.796	73.9872
PWY-801: homocysteine and cysteine interconversion	0	0	0	5.67989	0	0	0	0	0	0	0	0	0	0	0	0	0	0	0	0	0	5.12382	0	0	0	0	0	0	0	0	0	0	0	0	0.35274	0	0	8.74573	1.53818	7.54844
PWY-8073: lipid IVA biosynthesis (P. putida)	0	0	0	11.6994	0	0	4.13545	17.8653	0	2.83453	30.7658	0	0	0	0	9.22328	4.88197	0	15.6459	4.8964	0	54.8798	2.37543	16.4578	7.53403	0	15.7893	11.991	22.9585	5.0073	5.3533	10.8674	0	0	32.0008	9.78342	28.7347	111.079	34.3924	44.2632
PWY-8086: (S)-lactate fermentation to propanoate, acetate and hydrogen	0	0	0	0	0	0	0	0	0	0	0	0	0	0	0	0	0	0	0	0	0	0	0	0	0	0	0	0	0	0	0	0	0	0	0	0	0	0	0	3.16667
PWY-8112: factor 420 biosynthesis I (archaea)	0	0	0	0	0	0	0	0	0	0	0	0	0	0	0	0	0	0	0	0	0	0	0	0	0	0	0	0	0	0	0	0	0	0	0	0	0	0	0	7.45252
PWY-8113: 3PG-factor 420 biosynthesis	0	0	0	0	0	0	0	0	0	0	0	0	0	0	0	0	0	0	0	0	0	0	0	0	0	0	0	0	0	0	0	0	0	0	0	0	0	0	0	7.45252
PWY-8131: 5-deoxyadenosine degradation II"	7.22695545551468	-0.258898590854653	0.442425027917495	-0.585180707504942	0.558426215700594	0.952890134360059
"PWY-8178: pentose phosphate pathway (non-oxidative branch) II"	185.70823456829	0.132158062028001	0.141784427587376	0.932105621730266	0.351281943028048	0.840163062216837
"PWY-8187: L-arginine degradation XIII (reductive Stickland reaction)"	43.3803140580814	-0.0506541731630384	0.274199022988939	-0.184735060726609	0.853436844967413	0.998509607271919
"PWY-8188: L-alanine degradation VI (reductive Stickland reaction)"	2.0204468604362	-0.737332083247859	1.29749364321463	-0.568274139225121	0.569848836164947	0.952890134360059
"PWY-8189: L-alanine degradation V (oxidative Stickland reaction)"	2.0204468604362	-0.737332083247859	1.29749364321463	-0.568274139225121	0.569848836164947	0.952890134360059
"PWY-8190: L-glutamate degradation XI (reductive Stickland reaction)"	0.609270101255352	0.443061503972243	2.34708292538685	0.188771133384312	0.850272197269938	0.998509607271919
"PWY-821: superpathway of sulfur amino acid biosynthesis (Saccharomyces cerevisiae)"	1.40831727012345	-2.31085776921883	1.96358667314564	-1.1768554965373	0.239253187531185	0.763384276076617
"PWY-822: fructan biosynthesis"	1.05564389656251	2.16888897229242	1.60062587578118	1.35502555913255	0.175409413907968	0.702985659072714
"PWY-841: superpathway of purine nucleotides de novo biosynthesis I"	88.6244119753313	-0.188025151168469	0.150078889108484	-1.25284210381219	0.210263175419296	0.751051107338199
"PWY-922: mevalonate pathway I (eukaryotes and bacteria)"	0.136199805036251	-0.851575173344756	2.94714585289535	-0.2889491107161	0.772620320899888	0.998509607271919
"PWY-I9: L-cysteine biosynthesis VI (from L-methionine)"	11.8197699462179	-1.27718675790383	0.63815700025626	-2.00136762174663	0.0453527872866777	0.507519286303298
"PWY0-1061: superpathway of L-alanine biosynthesis"	6.752600463597	-0.563598611221825	0.877174757099867	-0.642515766282658	0.520538355735872	0.950145166918604
"PWY0-1221: putrescine degradation II"	0.0451031828394866	0.125243020457893	2.95441266535473	0.0423918506465162	0.966186324753075	0.998509607271919
"PWY0-1241: ADP-L-glycero-&beta;-D-manno-heptose biosynthesis"	4.2247772816023	-0.0252896530199244	0.645461945024343	-0.0391807033937076	0.968746318283083	0.998509607271919
"PWY0-1261: anhydromuropeptides recycling I"	4.75731527959023	-1.13344750100587	1.02193779196887	-1.10911594611074	0.267380166663441	0.768734611267531
"PWY0-1277: 3-phenylpropanoate and 3-(3-hydroxyphenyl)propanoate degradation"	1.09956224884774	-1.55094269932577	1.90969415613472	-0.812141930865478	0.416710195357985	0.892547105654921
"PWY0-1296: purine ribonucleosides degradation"	131.881864203927	-0.10336911162168	0.159318307605156	-0.648821301051369	0.516453887536511	0.950145166918604
"PWY0-1297: superpathway of purine deoxyribonucleosides degradation"	22.3491416109275	-0.454097207963284	0.477548004531414	-0.950893320994733	0.341658532652308	0.840163062216837
"PWY0-1298: superpathway of pyrimidine deoxyribonucleosides degradation"	14.3705031271382	-1.16820393327789	0.515687517990429	-2.26533296332289	0.0234922546837293	0.324745873569199
"PWY0-1319: CDP-diacylglycerol biosynthesis II"	84.3037251750207	-0.0725570617904905	0.167114427180125	-0.434175929719607	0.664160690818663	0.984944544830393
"PWY0-1337: oleate &beta;-oxidation"	0.0317896643118504	0.126179848339596	2.95441703075108	0.0427088819981242	0.965933599221023	0.998509607271919
"PWY0-1338: polymyxin resistance"	0.181538109459202	-1.13083819051318	2.9446959948991	-0.384025445231718	0.700959588236709	0.998509607271919
"PWY0-1415: superpathway of heme b biosynthesis from uroporphyrinogen-III"	0.490497085363372	-2.17576264833832	2.35581797562397	-0.923569932334029	0.355710274546071	0.840163062216837
"PWY0-1477: ethanolamine utilization"	15.8962896646004	-0.343028530609673	0.531530537810021	-0.645359967506285	0.518693939682749	0.950145166918604
"PWY0-1479: tRNA processing"	11.3999763436654	-2.62152100873112	0.994255047435396	-2.63666854444756	0.00837245958338463	0.209450358225146
"PWY0-1533: methylphosphonate degradation I"	0	NA	NA	NA	NA	NA
"PWY0-1586: peptidoglycan maturation (meso-diaminopimelate containing)"	60.3955165633108	-0.674287747206497	0.289508185627466	-2.32908007676909	0.0198548239318417	0.321251184727745
"PWY0-162: superpathway of pyrimidine ribonucleotides de novo biosynthesis"	43.1522097060323	0.138053124564088	0.278328522996178	0.49600782225968	0.619888892080567	0.978664381949989
"PWY0-166: superpathway of pyrimidine deoxyribonucleotides de novo biosynthesis (E. coli)"	1.5635344699917	-2.02184858109264	1.74676546909994	-1.15748142315548	0.247075724753546	0.763384276076617
"PWY0-301: L-ascorbate degradation I (bacterial, anaerobic)"	0.309478986874107	-0.984851338703594	2.32210546236133	-0.424119987083664	0.671478309743982	0.984944544830393
"PWY0-321: phenylacetate degradation I (aerobic)"	0.0107046741600865	0.458729708182894	2.95516892410303	0.155229606145825	0.876640308844555	0.998509607271919
"PWY0-41: allantoin degradation IV (anaerobic)"	0.042818696640346	-0.0191087325162312	2.95364392449561	-0.00646954507879428	0.994838085874901	0.998509607271919
"PWY0-42: 2-methylcitrate cycle I"	0.152334447400003	-0.957804471633682	2.94622799716734	-0.325095163223813	0.745109049504976	0.998509607271919
"PWY0-461: L-lysine degradation I"	0.119517643583306	-0.732886852761453	2.94816879046911	-0.248590533598599	0.803677531772262	0.998509607271919
"PWY0-781: aspartate superpathway"	1.98059127845418	-4.13138433133556	1.67168742378485	-2.47138566250724	0.0134590582822854	0.275287664266919
"PWY0-845: superpathway of pyridoxal 5-phosphate biosynthesis and salvage	4.03562	0	0	4.36104	0	0	12.63	21.3493	0	4.02208	15.1196	0	0	0	12.5387	0	5.73882	0	16.5452	7.05078	5.23855	90.2143	0	39.8786	21.7427	5.42551	21.62	16.8897	39.2232	11.5225	19.1294	34.3598	0	0	59.1816	7.16458	0	135.316	37.3634	77.8007
PWY0-862: (5Z)-dodecenoate biosynthesis I	9.68492	0	0	19.8699	19.6445	0	7.81583	99.4088	0	0	49.8637	0	0	0	6.95727	1.14755	12.1947	0	39.4732	7.36198	1.07104	111.039	0	18.3321	0	0	21.6382	3.48777	0	11.8543	16.6959	22.8127	9.42826	0	48.7177	13.4699	37.441	351.277	74.5401	107.229
PWY1ZNC-1: assimilatory sulfate reduction IV	0	0	0	4.30132	0	0	0	10.7628	25.7648	10.2436	0	0	0	0	0	0	0	0	4.86267	16.1602	0	27.753	0	0	7.5442	0	0	4.16361	24.0336	3.7897	3.59527	3.11648	11.2103	0	20.8001	3.13881	4.48814	136.638	4.06151	16.5708
PWY3O-4107: NAD salvage pathway V (PNC V cycle)	0	0	0	0	0	0	0	10.2723	0	0	0	5.78104	0	0	0	0	6.35188	0	0	16.65	0	10.354	0	22.4022	2.8992	0	0	8.27788	0	8.38978	32.8115	0	0	2.95903	5.91284	5.25228	0	37.9508	9.2745	16.3744
PWY490-3: nitrate reduction VI (assimilatory)	0	0	0	0	0	0	0	0	0	0	0	0	0	0	0	0	0	0	3.98185	0	0	2.14028	0	0	0	0	0	0	0	0	0	0	0	7.53802	0	0	0	0	3.99595	0
PWY4FS-7: phosphatidylglycerol biosynthesis I (plastidic)	0	25.1413	0	8.93614	21.4149	0	0	34.1908	0	8.65391	24.9182	18.9072	0	0	14.8538	6.61357	6.27471	0	8.53409	25.5828	0	28.1734	14.1418	8.61636	25.7251	15.5073	4.62289	5.44397	56.5414	12.0975	29.5243	7.27723	19.0576	108.09	143.926	0	22.7453	119.949	50.8885	179.137
PWY4FS-8: phosphatidylglycerol biosynthesis II (non-plastidic)	0	25.1413	0	8.93614	21.4149	0	0	34.1908	0	8.65391	24.9182	18.9072	0	0	14.8538	6.61357	6.27471	0	8.53409	25.5828	0	28.1734	14.1418	8.61636	25.7251	15.5073	4.62289	5.44397	56.5414	12.0975	29.5243	7.27723	19.0576	108.09	143.926	0	22.7453	119.949	50.8885	179.137
PWY4LZ-257: superpathway of fermentation (Chlamydomonas reinhardtii)	0	4.79351	0	0	0	0	0	0	6.08555	12.2753	14.0827	20.0872	0	8.10008	0	7.42304	0	11.8677	20.2042	0	0	121.945	0	30.8443	3.14296	9.09962	10.4843	19.9246	11.3189	0	51.3512	21.8444	15.3466	22.2285	14.11	14.0635	19.9094	47.32	45.6228	32.3265
PWY66-367: ketogenesis	0	0	0	0	0	0	0	0	0	0	0	0	0	0	0	0	0	0	0	0	0	1.646	0	0	0	0	0	0	0	0	0	0	0	0	0	0	0	0	0	0
PWY66-389: phytol degradation	0.437551	0	0	0	0.41082	0	0	11.3629	0	21.4179	0.502298	0	3.52279	0	0	13.4407	0	0	0.18203	0	0	6.38864	0	0	0	0	0	3.20667	0	0.149283	19.5409	0	0	11.4599	0.611794	0.323109	0.123998	10.9357	1.25038	17.2013
PWY66-391: fatty acid &beta;-oxidation VI (mammalian peroxisome)	0	0	0	0	0	0	0	0	0	2.07792	0	0	0	0	0	0	0	0	0	0	0	0	0	0	0	0	0	0	0	0	9.60692	0	0	0	0	0	0	88.3313	0	0
PWY66-399: gluconeogenesis III	28.1306	47.8406	23.0663	0	103.733	0	54.2114	51.9625	41.9205	68.9062	29.5243	65.1492	55.3588	76.9137	59.8634	49.414	79.997	82.446	125.502	32.6669	87.3428	86.2109	23.0049	164.91	83.3465	41.1681	123.939	150.056	70.4246	38.2785	192.821	186.923	66.5131	119.213	92.2132	79.8063	84.1861	78.1417	19.9458	112.491
PWY66-409: superpathway of purine nucleotide salvage	0	24.8536	0	0	24.6154	0	31.9321	0	19.3789	26.8906	0	11.4029	0	0	0	14.1124	0	39.1717	46.106	0	24.0742	58.9117	28.3564	43.4344	52.699	20.3786	51.1009	33.3463	21.1756	17.7353	9.35706	17.8611	53.5735	96.4309	111.894	59.491	33.7484	89.427	52.8847	169.877
PWY66-429: fatty acid biosynthesis initiation (mitochondria)	15.377	110.564	11.7028	24.4426	65.6242	7.33273	67.6117	159.413	152.553	118.287	154.189	64.5852	10.0667	26.9071	43.8516	41.8935	67.326	53.9932	227.648	756.221	113.995	229.184	69.6081	199.694	186.32	42.9212	84.5977	60.2701	122.938	50.961	319.605	173.381	148.383	688.982	314.962	98.599	134.373	446.192	138.168	329.455
PWY66-430: myristate biosynthesis (mitochondria)	0	0	0	0	0	0	0	0	0	0	0	0	0	0	0	0	0	0	0	0	0	0	0	0	0	0	0	0	0	0	0	0	0	0	4.34125	0	0	0	0	15.7787
PYRIDNUCSAL-PWY: NAD salvage pathway I (PNC VI cycle)	0	0	0	0	0	0	0	11.288	0	0	0	7.47209	0	0	0	0	6.70813	0	0	18.3889	0	12.1727	0	20.6052	3.93259	0	0	8.71538	0	4.55141	24.8105	0	0	4.02945	7.97007	4.73641	0	40.5789	10.8627	20.8454
PYRIDNUCSYN-PWY: NAD de novo biosynthesis I (from aspartate)	7.13779	73.2214	0	4.02046	12.422	8.38442	16.1445	24.7339	69.1008	46.64	67.5371	69.8159	11.1639	30.4794	34.585	25.1785	31.9021	27.3436	93.627	238.127	72.1298	95.9234	33.9339	75.4935	92.4205	15.8556	42.8619	42.8635	81.5704	29.8387	107.012	86.0074	93.7981	247.064	244.538	37.9018	56.7749	60.0671	66.291	261.617
PYRIDOXSYN-PWY: pyridoxal 5-phosphate biosynthesis I"	15.2965072277022	-0.524819132885871	0.688836609646135	-0.761892044552449	0.4461244384792	0.919855523505102
"REDCITCYC: TCA cycle VI (Helicobacter)"	3.14549545241582	-1.26991959537271	1.02164367852556	-1.24301615334758	0.213861881025216	0.751051107338199
"RHAMCAT-PWY: L-rhamnose degradation I"	29.4267579553287	-0.299962460784517	0.407371335603307	-0.736336689817117	0.461525823039984	0.926996311234156
"RIBOSYN2-PWY: flavin biosynthesis I (bacteria and plants)"	65.1671333182625	-0.377503669988973	0.220879284997409	-1.709094947466	0.0874333633450484	0.622631526851102
"RUMP-PWY: formaldehyde oxidation I"	1.06907811492232	-1.61838403399079	1.79122839642507	-0.903505123757952	0.366257870135826	0.840163062216837
"SALVADEHYPOX-PWY: adenosine nucleotides degradation II"	15.5992987846401	0.00332323595202379	0.361466143360364	0.00919376824930097	0.992664537597213	0.998509607271919
"SER-GLYSYN-PWY: superpathway of L-serine and glycine biosynthesis I"	113.348439933315	-0.105284055968984	0.18555863997381	-0.567389672525321	0.57044946487271	0.952890134360059
"SO4ASSIM-PWY: assimilatory sulfate reduction I"	6.63500330602653	-1.6487331847852	1.08121657189739	-1.52488708334528	0.12728726412693	0.679829706132468
"SULFATE-CYS-PWY: superpathway of sulfate assimilation and cysteine biosynthesis"	9.71058444848182	-1.4209667569561	1.06541902035172	-1.33371634053145	0.182296837450189	0.702985659072714
"TCA-GLYOX-BYPASS: superpathway of glyoxylate bypass and TCA"	3.65936609428619	-2.26375729237864	1.47716627421005	-1.53249998453237	0.125399101411284	0.679829706132468
"TCA: TCA cycle I (prokaryotic)"	18.5414682590901	-2.7926907912925	1.03650533854123	-2.69433324407466	0.00705296090413017	0.209450358225146
"THISYNARA-PWY: superpathway of thiamine diphosphate biosynthesis III (eukaryotes)"	19.9376909206957	-0.165377224100061	0.379406189995922	-0.435884359456123	0.662920633502448	0.984944544830393
"THREOCAT-PWY: superpathway of L-threonine metabolism"	0.0321140224802595	0.125243040809392	2.95441266544953	0.0423918575336651	0.96618631926286	0.998509607271919
"THRESYN-PWY: superpathway of L-threonine biosynthesis"	55.7898523101821	-0.153656287618033	0.151191524153244	-1.01630225952541	0.309485472953263	0.835966507402491
"TRNA-CHARGING-PWY: tRNA charging"	117.327191133608	-0.142061394837897	0.127177288300765	-1.11703431277708	0.263979654334533	0.768734611267531
"UBISYN-PWY: superpathway of ubiquinol-8 biosynthesis (early decarboxylation)"	0.203803539190743	-1.2492461314805	2.94367043162288	-0.424383829813374	0.671285911577416	0.984944544830393
"UDPNACETYLGALSYN-PWY: UDP-N-acetyl-D-glucosamine biosynthesis II"	0.0107046741600865	0.458729708182894	2.95516892410303	0.155229606145825	0.876640308844555	0.998509607271919
"UDPNAGSYN-PWY: UDP-N-acetyl-D-glucosamine biosynthesis I"	50.845691946655	0.223269246856295	0.311072146779348	0.717741042288386	0.472916972015759	0.941826173082232
"URDEGR-PWY: superpathway of allantoin degradation in plants"	0.0321140224802595	0.125243040809392	2.95441266544953	0.0423918575336651	0.96618631926286	0.998509607271919
"VALSYN-PWY: L-valine biosynthesis"	159.074539249129	0.132901639096169	0.148813473816384	0.893075308894083	0.371816844555537	0.840163062216837
